,Processed File Name,Group,Year,geoBoundaryType,Boundary Level,Source 1,Source 2,License,License Detail,License Source,Link to Source Data-inaccurate; has some links to licenses,Link to Source Data,Recorder (Name),Last Updated Date
0,AFG_ADM0.zip,Afghanistan,2012,Authoritative & Humanitarian,ADM 0,"Afghanistan Geodesy and Cartography Head Office (AGCHO), Humanitarian Data Exchange","United Nations Office for the Coordination of Humanitarian Affairs, Afghanistan",Other - Humanitarian,Humanitarian use only - Noted in metadata tab,https://data.humdata.org/dataset/afg-admin-boundaries,No,https://data.humdata.org/dataset/afg-admin-boundaries,,5/25/20
1,AFG_ADM1.zip,Afghanistan,2012,Authoritative & Humanitarian,ADM 1,"Afghanistan Geodesy and Cartography Head Office (AGCHO), Humanitarian Data Exchange","United Nations Office for the Coordination of Humanitarian Affairs, Afghanistan",Other - Humanitarian,Humanitarian use only - Noted in metadata tab,https://data.humdata.org/dataset/afg-admin-boundaries,No,https://data.humdata.org/dataset/afg-admin-boundaries,,5/25/20
2,AFG_ADM2.zip,Afghanistan,2012,Authoritative & Humanitarian,ADM 2,"Afghanistan Geodesy and Cartography Head Office (AGCHO), Humanitarian Data Exchange","United Nations Office for the Coordination of Humanitarian Affairs, Afghanistan",Other - Humanitarian,Humanitarian use only - Noted in metadata tab,https://data.humdata.org/dataset/afg-admin-boundaries,No,https://data.humdata.org/dataset/afg-admin-boundaries,,5/25/20
26,ARM_ADM1.zip,Armenia,2014,Open & Authoritative,ADM 1,Government of Armenia,United Nations Office for the Coordination of Humanitarian Affairs ROCCA,Creative Commons Attribution for Intergovernmental Organisations (CC BY-IGO),Creative Commons Attribution for Intergovernmental Organizations,https://data.humdata.org/dataset/armenia-administrative-boundaries,No,https://data.humdata.org/dataset/armenia-administrative-boundaries,,5/25/20
29,AUS_ADM1.zip,Australia,2016,Open & Authoritative,ADM 1,PSMA Australia Limited,data.gov.au,Creative Commons Attribution 4.0 International (CC BY 4.0),Attribution 4.0 International (CC BY 4.0),https://data.gov.au/dataset/ds-dga-bdcf5b09-89bc-47ec-9281-6b8e9ee147aa/details,No,https://data.gov.au/dataset/psma-administrative-boundaries,,5/25/20
30,AUS_ADM2.zip,Australia,2016,Open & Authoritative,ADM 2,PSMA Australia Limited,data.gov.au,Creative Commons Attribution 4.0 International (CC BY 4.0),Attribution 4.0 International (CC BY 4.0),https://data.gov.au/dataset/ds-dga-bdcf5b09-89bc-47ec-9281-6b8e9ee147aa/details,No,https://data.gov.au/dataset/psma-administrative-boundaries,,5/25/20
31,AUT_ADM0.zip,Austria,2017,Open & Authoritative,ADM 0,"Federal Office for Metrology and Survey, Austria",Derived from ADM4 layer,Creative Commons Attribution-ShareAlike 2.0,,https://www.data.gv.at/katalog/dataset/987d6260-1e87-4314-9039-ccae502819b6,No,https://www.data.gv.at/katalog/dataset/987d6260-1e87-4314-9039-ccae502819b6,,5/25/20
32,AUT_ADM1.zip,Austria,2017,Open & Authoritative,ADM 1,"Federal Office for Metrology and Survey, Austria",Derived from ADM4 layer,Creative Commons Attribution-ShareAlike 2.0,,https://twitter.com/WMgeoLab/status/1253487894313959424,No,"https://www.bev.gv.at/portal/page?_pageid=713,2639317&_dad=portal&_schema=PORTAL",,5/25/20
33,AUT_ADM2.zip,Austria,2017,Open & Authoritative,ADM 2,"Federal Office for Metrology and Survey, Austria",Derived from ADM4 layer,Creative Commons Attribution-ShareAlike 2.0,,https://twitter.com/WMgeoLab/status/1253487894313959424,No,"https://www.bev.gv.at/portal/page?_pageid=713,2639317&_dad=portal&_schema=PORTAL",,5/25/20
34,AUT_ADM3.zip,Austria,2017,Open & Authoritative,ADM 3,"Federal Office for Metrology and Survey, Austria",Derived from ADM4 layer,Creative Commons Attribution-ShareAlike 2.0,,https://twitter.com/WMgeoLab/status/1253487894313959424,No,"https://www.bev.gv.at/portal/page?_pageid=713,2639317&_dad=portal&_schema=PORTAL",,5/25/20
35,AUT_ADM4.zip,Austria,2017,Open & Authoritative,ADM 4,"Federal Office for Metrology and Survey, Austria",Bundesministerium Digitaliserung und Wirtschaftsstandort,Creative Commons Attribution-ShareAlike 2.0,,https://twitter.com/WMgeoLab/status/1253487894313959424,No,"https://www.bev.gv.at/portal/page?_pageid=713,2639317&_dad=portal&_schema=PORTAL",,5/25/20
47,BEL_ADM4.zip,Belgium,2018,Open & Authoritative,ADM 4,Namur Capitale,Statistics Belgium,Creative Commons Attribution 4.0 International (CC BY 4.0),Creative Commons Attribution 4.0 International (CC BY 4.0),https://data.namur.be/pages/licence/,No,"https://data.namur.be/explore/dataset/communes-belges/information/?location=8,50.5124,4.4752&basemap=jawg.streets",,5/25/20
53,BEL_ADM0.zip,Belgium,2015,Open & Authoritative,ADM 0,Statistics Belgium,,Open Data Commons Open Database License 1.0,Data set from StatBel open data portal,https://statbel.fgov.be/en/open-data,,https://statbel.fgov.be/en/open-data/statistical-sectors,,5/25/20
55,BEL_ADM2.zip,Belgium,2015,Open & Authoritative,ADM 2,Statistics Belgium,,Open Data Commons Open Database License 1.0,Data set from StatBel open data portal,https://statbel.fgov.be/en/open-data,No,https://statbel.fgov.be/en/open-data/statistical-sectors,,5/25/20
65,BTN_ADM2.zip,Bhutan,2014,Authoritative,ADM 2,Bhutan Geospatial Portal,,Other - Direct Permission,"Government Copyright, but permission to use",https://twitter.com/WMgeoLab/status/1179000810778181633/photo/1,No,http://geo.gov.bt/Home/DataDetail?metadataId=53,,5/25/20
66,BOL_ADM0.zip,Bolivia,2015,Open & Authoritative,ADM 0,GeoBolivia,Derived from ADM3 layer,Public Domain,"Public Domain; ""free use and access to information""",https://geo.gob.bo/geonetwork/srv/spa/catalog.search#/metadata/aeeb85a9-23df-48d4-a4e5-dd19e8b206db,No,https://geo.gob.bo/geonetwork/srv/spa/catalog.search#/metadata/aeeb85a9-23df-48d4-a4e5-dd19e8b206db,,5/25/20
67,BOL_ADM1.zip,Bolivia,2015,Open & Authoritative,ADM 1,GeoBolivia,Derived from ADM3 layer,Public Domain,"Public Domain; ""free use and access to information""",https://geo.gob.bo/geonetwork/srv/spa/catalog.search#/metadata/aeeb85a9-23df-48d4-a4e5-dd19e8b206db,No,https://geo.gob.bo/geonetwork/srv/spa/catalog.search#/metadata/aeeb85a9-23df-48d4-a4e5-dd19e8b206db,,5/25/20
68,BOL_ADM2.zip,Bolivia,2015,Open & Authoritative,ADM 2,GeoBolivia,Derived from ADM3 layer,Public Domain,"Public Domain; ""free use and access to information""",https://geo.gob.bo/geonetwork/srv/spa/catalog.search#/metadata/aeeb85a9-23df-48d4-a4e5-dd19e8b206db,No,https://geo.gob.bo/geonetwork/srv/spa/catalog.search#/metadata/aeeb85a9-23df-48d4-a4e5-dd19e8b206db,,5/25/20
69,BOL_ADM3.zip,Bolivia,2015,Open & Authoritative,ADM 3,GeoBolivia,,Public Domain,"Public Domain; ""free use and access to information""",https://geo.gob.bo/geonetwork/srv/spa/catalog.search#/metadata/aeeb85a9-23df-48d4-a4e5-dd19e8b206db,No,https://geo.gob.bo/geonetwork/srv/spa/catalog.search#/metadata/aeeb85a9-23df-48d4-a4e5-dd19e8b206db,,5/25/20
102,CAN_ADM2.zip,Canada,2016,Open & Authoritative,ADM 2,Statistics Canada (StatCan),,Open Data Commons Open Database License 1.0,"Statistics Canada Open License Agreement, http://www.statcan.gc.ca/eng/reference/licence",https://www.statcan.gc.ca/eng/reference/licence,No,http://www12.statcan.gc.ca/census-recensement/2011/geo/bound-limit/bound-limit-2016-eng.cfm,,5/25/20
103,CAN_ADM3.zip,Canada,2016,Open & Authoritative,ADM 3,Statistics Canada (StatCan),,Open Data Commons Open Database License 1.0,"Statistics Canada Open License Agreement, http://www.statcan.gc.ca/eng/reference/licence",https://www.statcan.gc.ca/eng/reference/licence,No,http://www12.statcan.gc.ca/census-recensement/2011/geo/bound-limit/bound-limit-2016-eng.cfm,,5/25/20
127,COL_ADM2.zip,Colombia,2016,Open & Authoritative,ADM 2,Departamento Administrativo Nacional de Estadistica,,Creative Commons Attribution 4.0 International (CC BY 4.0),Noted by CC icon on web page,https://geoportal.dane.gov.co/?descarga-marco-geoestadistico-nacional,No,https://geoportal.dane.gov.co/geonetwork/srv/spa/catalog.search;jsessionid=28C04991CAF95F58924321C7166FBFBE#/metadata/e22375e8-dcbf-4952-831c-261917cf0e52,,5/25/20
140,HRV_ADM2.zip,Croatia,2018,Authoritative & Humanitarian,ADM 2,Eurostat,,Open Government License v1.0,Non-Commercial Use Only,https://ec.europa.eu/eurostat/about/policies/copyright,No,http://ec.europa.eu/eurostat/web/gisco/geodata/reference-data/administrative-units-statistical-units/communes,,5/25/20
146,CYP_ADM2.zip,Cyprus,2009,Open & Authoritative,ADM 2,Wikipedia,Cyprus Department of Land Registry and Geometry,Creative Commons Attribution-ShareAlike 3.0 Unported,,https://commons.wikimedia.org/wiki/File:Population_map_of_Cyprus.jpg,,https://commons.wikimedia.org/wiki/File:Population_map_of_Cyprus.jpg,,5/25/20
173,SLV_ADM0.zip,El Salvador,2015,Authoritative & Humanitarian,ADM 0,Centro Nacional de Registros,,Non-Commercial Use Only,Non-commercial use - Noted at the bottom of the page,https://www.cnr.gob.sv/geoportal-cnr/,,http://www.cnr.gob.sv/geoportal-cnr/,,5/25/20
174,SLV_ADM1.zip,El Salvador,2015,Authoritative & Humanitarian,ADM 1,Centro Nacional de Registros,,Non-Commercial Use Only,Non-commercial use - Noted at the bottom of the page,https://www.cnr.gob.sv/geoportal-cnr/,,http://www.cnr.gob.sv/geoportal-cnr/,,5/25/20
175,SLV_ADM2.zip,El Salvador,2015,Authoritative & Humanitarian,ADM 2,Centro Nacional de Registros,,Non-Commercial Use Only,Non-commercial use - Noted at the bottom of the page,https://www.cnr.gob.sv/geoportal-cnr/,,http://www.cnr.gob.sv/geoportal-cnr/,,5/25/20
254,ISL_ADM2.zip,Iceland,2016,Open & Authoritative,ADM 2,National Land Survey of Iceland,Other,Open Data Commons Open Database License 1.0,http://www.nationalarchives.gov.uk/doc/open-government-licence/version/3/,https://www.lmi.is/en/licence-for-national-land-survey-of-iceland-free-data/,No,https://gatt.lmi.is/geonetwork/srv/eng/catalog.search#/metadata/%7B7CF6A33E-2588-42A8-A483-0B6F729B528A%7D,,5/25/20
257,IND_ADM2.zip,India,2011,Open & Authoritative,ADM 2,Datameet Group of India,,Creative Commons Attribution 2.5 India (CC BY 2.5 IN),,http://projects.datameet.org/maps/districts/,No,http://projects.datameet.org/maps/districts/,,5/25/20
275,ITA_ADM0.zip,Italy,2016,Open & Authoritative,ADM 0,ISTAT,National Institute of Statistics,Attribuzione 3.0 Italia (CC BY 3.0 IT),,https://www.istat.it/it/note-legali,No,http://www.istat.it/it/archivio/124086,,5/25/20
276,ITA_ADM1.zip,Italy,2016,Open & Authoritative,ADM 1,ISTAT,National Institute of Statistics,Attribuzione 3.0 Italia (CC BY 3.0 IT),,https://www.istat.it/it/note-legali,No,http://www.istat.it/it/archivio/124086,,5/25/20
277,ITA_ADM2.zip,Italy,2016,Open & Authoritative,ADM 2,ISTAT,National Institute of Statistics,Attribuzione 3.0 Italia (CC BY 3.0 IT),,https://www.istat.it/it/note-legali,No,http://www.istat.it/it/archivio/124086,,5/25/20
278,ITA_ADM3.zip,Italy,2016,Open & Authoritative,ADM 3,ISTAT,National Institute of Statistics,Attribuzione 3.0 Italia (CC BY 3.0 IT),,https://www.istat.it/it/note-legali,No,http://www.istat.it/it/archivio/124086,,5/25/20
307,KGZ_ADM2.zip,Kyrgyzstan,2016,Authoritative & Humanitarian,ADM 2,Ministry of Emergency Situations of the Kyrgyz Republic,,Other - Humanitarian,Humanitarian use only - Noted in metadata tab,https://data.humdata.org/dataset/kyrgyzstan-administrative-boundaries,No,https://data.humdata.org/dataset/kyrgyzstan-administrative-boundaries,,5/25/20
342,LKA_ADM4.zip,Sri Lanka,2017,Authoritative & Humanitarian,ADM 4,"The Survey Department of Sri Lanka, National Building Research Organisation (NBRO), Disaster Management Centre (DMC)",United Nations Office for the Coordination of Humanitarian Affairs Regional Office for Asia and the Pacific (ROAP),Other - Humanitarian,Humanitarian use only - Noted in metadata tab,https://data.humdata.org/about/license,No,https://data.humdata.org/dataset/sri-lanka-administrative-levels-0-4-boundaries,,5/25/20
346,MWI_ADM3.zip,Malawi,2008,Authoritative & Humanitarian,ADM 3,OCHA,National Statistical Office of Malawi,Other - Humanitarian,Humanitarian use only - Noted in metadata tab,https://data.humdata.org/dataset/malawi-administrative-level-0-3-boundaries,No,https://data.humdata.org/dataset/malawi-administrative-level-0-3-boundaries,,5/25/20
352,MLI_ADM0.zip,Mali,2015,Open & Authoritative & Humanitarian,ADM 0,"DNCT - Direction Nationale des ColelctivitÃ©s Territorielles, DNP - Direction Nationale de la Population","United Nations Office for the Coordination of Humanitarian Affairs, Mali",Creative Commons Attribution 4.0 International (CC BY 4.0),Noted in metadata tab,https://data.humdata.org/dataset/mali-admin-boundaries-level-1-2-and-3-including-2017-population-desagregated-by-sexe,No,https://data.humdata.org/dataset/mali-admin-boundaries-level-1-2-and-3-including-2017-population-desagregated-by-sexe,,5/25/20
353,MLI_ADM1.zip,Mali,2015,Open & Authoritative & Humanitarian,ADM 1,"DNCT - Direction Nationale des ColelctivitÃ©s Territorielles, DNP - Direction Nationale de la Population","United Nations Office for the Coordination of Humanitarian Affairs, Mali",Creative Commons Attribution 4.0 International (CC BY 4.0),Noted in metadata tab,https://data.humdata.org/dataset/mali-admin-boundaries-level-1-2-and-3-including-2017-population-desagregated-by-sexe,No,https://data.humdata.org/dataset/mali-admin-boundaries-level-1-2-and-3-including-2017-population-desagregated-by-sexe,,5/25/20
354,MLI_ADM2.zip,Mali,2015,Open & Authoritative & Humanitarian,ADM 2,"DNCT - Direction Nationale des ColelctivitÃ©s Territorielles, DNP - Direction Nationale de la Population","United Nations Office for the Coordination of Humanitarian Affairs, Mali",Creative Commons Attribution 4.0 International (CC BY 4.0),Noted in metadata tab,https://data.humdata.org/dataset/mali-admin-boundaries-level-1-2-and-3-including-2017-population-desagregated-by-sexe,No,https://data.humdata.org/dataset/mali-admin-boundaries-level-1-2-and-3-including-2017-population-desagregated-by-sexe,,5/25/20
355,MLI_ADM3.zip,Mali,2015,Open & Authoritative & Humanitarian,ADM 3,"DNCT - Direction Nationale des ColelctivitÃ©s Territorielles, DNP - Direction Nationale de la Population","United Nations Office for the Coordination of Humanitarian Affairs, Mali",Creative Commons Attribution 4.0 International (CC BY 4.0),Noted in metadata tab,https://data.humdata.org/dataset/mali-admin-boundaries-level-1-2-and-3-including-2017-population-desagregated-by-sexe,No,https://data.humdata.org/dataset/mali-admin-boundaries-level-1-2-and-3-including-2017-population-desagregated-by-sexe,,5/25/20
388,MMR_ADM0.zip,Myanmar,2014,Open & Authoritative,ADM 0,"Myanmar Information Management Unit (MIMU), United Nations Development Programme (UNDP)",Derived from ADM 3 layer,Open Government License v1.0,Granted in terms of use,http://themimu.info/license/,No,http://geonode.themimu.info/layers/?limit=5&offset=10,,5/25/20
390,MMR_ADM2.zip,Myanmar,2014,Open & Authoritative,ADM 2,"Myanmar Information Management Unit (MIMU), United Nations Development Programme (UNDP)",,Open Data Commons Open Database License 1.0,Granted in terms of use,https://www.openstreetmap.org/copyright,No,http://geonode.themimu.info/layers/?limit=5&offset=10,,5/25/20
394,NAM_ADM2.zip,Namibia,2007,Open & Authoritative,ADM 2,Stanford Digital Repository,Namibia Statistics Agency,Public Domain,Public Domain,https://purl.stanford.edu/cs051py0596,No,http://purl.stanford.edu/cs051py0596,,5/25/20
397,NPL_ADM0.zip,Nepal,2017,Authoritative & Humanitarian,ADM 0,Nepal Survey Department,United Nations Office for the Coordination of Humanitarian Affairs Regional Office for Asia and the Pacific (ROAP),Other - Humanitarian,Humanitarian use only - Noted in metadata tab,https://data.humdata.org/dataset/administrative-bounadries-of-nepal,No,https://data.humdata.org/dataset/administrative-bounadries-of-nepal,,5/25/20
398,NPL_ADM1.zip,Nepal,2017,Authoritative & Humanitarian,ADM 1,Nepal Survey Department,United Nations Office for the Coordination of Humanitarian Affairs Regional Office for Asia and the Pacific (ROAP),Other - Humanitarian,Humanitarian use only - Noted in metadata tab,https://data.humdata.org/dataset/administrative-bounadries-of-nepal,No,https://data.humdata.org/dataset/administrative-bounadries-of-nepal,,5/25/20
399,NPL_ADM2.zip,Nepal,2017,Authoritative & Humanitarian,ADM 2,Nepal Survey Department,United Nations Office for the Coordination of Humanitarian Affairs Regional Office for Asia and the Pacific (ROAP),Other - Humanitarian,Humanitarian use only - Noted in metadata tab,https://data.humdata.org/dataset/administrative-bounadries-of-nepal,No,https://data.humdata.org/dataset/administrative-bounadries-of-nepal,,5/25/20
400,NLD_ADM0.zip,Netherlands,2017,Open & Authoritative,ADM 0,Publieke Dienstverlening op de Kaart,,Creative Commons Attribution-EqualShare 3.0 Unported (CC BY-SA 3.0),,https://www.pdok.nl/nl/over-pdok/uw-speciale-aandacht/open-data,No,https://www.pdok.nl/nl/producten/pdok-downloads/basis-registratie-kadaster/bestuurlijke-grenzen-actueel,,5/25/20
401,NLD_ADM1.zip,Netherlands,2017,Open & Authoritative,ADM 1,Publieke Dienstverlening op de Kaart,,Creative Commons Attribution-EqualShare 3.0 Unported (CC BY-SA 3.0),,https://www.pdok.nl/nl/over-pdok/uw-speciale-aandacht/open-data,No,https://www.pdok.nl/nl/producten/pdok-downloads/basis-registratie-kadaster/bestuurlijke-grenzen-actueel,,5/25/20
402,NLD_ADM2.zip,Netherlands,2017,Open & Authoritative,ADM 2,Publieke Dienstverlening op de Kaart,,Creative Commons Attribution-EqualShare 3.0 Unported (CC BY-SA 3.0),,https://www.pdok.nl/nl/over-pdok/uw-speciale-aandacht/open-data,No,https://www.pdok.nl/nl/producten/pdok-downloads/basis-registratie-kadaster/bestuurlijke-grenzen-actueel,,5/25/20
403,NZL_ADM0.zip,New Zealand,2017,Open & Authoritative,ADM 0,NZ Stats,,Creative Commons Attribution 4.0 International (CC BY 4.0),Creative Commons Attribution 4.0,http://www.stats.govt.nz/about_us/about-this-site/copyright-terms-of-use.aspx,No,http://www.stats.govt.nz/browse_for_stats/Maps_and_geography/Geographic-areas/digital-boundary-files.aspx,,5/25/20
404,NZL_ADM1.zip,New Zealand,2017,Open & Authoritative,ADM 1,NZ Stats,,Creative Commons Attribution 4.0 International (CC BY 4.0),Creative Commons Attribution 4.0,http://www.stats.govt.nz/about_us/about-this-site/copyright-terms-of-use.aspx,No,http://www.stats.govt.nz/browse_for_stats/Maps_and_geography/Geographic-areas/digital-boundary-files.aspx,,5/25/20
405,NZL_ADM2.zip,New Zealand,2017,Open & Authoritative,ADM 2,NZ Stats,,Creative Commons Attribution 4.0 International (CC BY 4.0),Creative Commons Attribution 4.0,http://www.stats.govt.nz/about_us/about-this-site/copyright-terms-of-use.aspx,No,http://www.stats.govt.nz/browse_for_stats/Maps_and_geography/Geographic-areas/digital-boundary-files.aspx,,5/25/20
406,NZL_ADM3.zip,New Zealand,2017,Open & Authoritative,ADM 3,NZ Stats,,Creative Commons Attribution 4.0 International (CC BY 4.0),Creative Commons Attribution 4.0,http://www.stats.govt.nz/about_us/about-this-site/copyright-terms-of-use.aspx,No,http://www.stats.govt.nz/browse_for_stats/Maps_and_geography/Geographic-areas/digital-boundary-files.aspx,,5/25/20
424,NOR_ADM2.zip,Norway,2013,Open & Authoritative,ADM 2,Geonorge,Mapping Authority of Norway,Creative Commons Attribution 4.0 International (CC BY 4.0),,https://kartkatalog.geonorge.no/metadata/kartverket/administrative-enheter/041f1e6e-bdbc-4091-b48f-8a5990f3cc5b,No,https://kartkatalog.geonorge.no/metadata/kartverket/administrative-enheter/041f1e6e-bdbc-4091-b48f-8a5990f3cc5b,,5/25/20
430,PAK_ADM2.zip,Pakistan,2015,Authoritative & Humanitarian,ADM 2,Pakistan Census Office,United Nations Office for the Coordination of Humanitarian Affairs Pakistan,Other - Humanitarian,Humanitarian use only - Noted in metadata tab,https://data.humdata.org/dataset/pakistan-administrative-level-0-1-2-and-3-boundary-polygons-lines-and-central-places,No,https://data.humdata.org/dataset/pakistan-administrative-level-0-1-2-and-3-boundary-polygons-lines-and-central-places,,5/25/20
442,PNG_ADM2.zip,Papua New Guinea,2018,Authoritative & Humanitarian,ADM 2,Papua New Guinea National Statistics Office,OCHA ROAP,Other - Humanitarian,Humanitarian use only - Noted in metadata tab,https://data.humdata.org/dataset/papua-new-guinea-admin-level-0-international-boundaries,No,https://data.humdata.org/dataset/papua-new-guinea-admin-level-0-international-boundaries,,5/25/20
443,PNG_ADM3.zip,Papua New Guinea,2018,Authoritative & Humanitarian,ADM 3,Papua New Guinea National Statistics Office,OCHA ROAP,Other - Humanitarian,Humanitarian use only - Noted in metadata tab,https://data.humdata.org/dataset/papua-new-guinea-admin-level-0-international-boundaries,No,https://data.humdata.org/dataset/papua-new-guinea-admin-level-0-international-boundaries,,5/25/20
444,PRY_ADM0.zip,Paraguay,2012,Open & Authoritative,ADM 0,"Direcion General de Estadica, Encuestas y Censos",,Creative Commons Attribution 4.0 International (CC BY 4.0),Creative Commons V4,https://twitter.com/WMgeoLab/status/1179001467669078017/photo/1,No,http://geo.stp.gov.py/user/dgeec/tables/paraguay_2012_departamentos/public,,5/25/20
445,PRY_ADM1.zip,Paraguay,2012,Open & Authoritative,ADM 1,"Direcion General de Estadica, Encuestas y Censos",,Creative Commons Attribution 4.0 International (CC BY 4.0),Creative Commons V4,https://twitter.com/WMgeoLab/status/1179001467669078017/photo/2,No,http://geo.stp.gov.py/user/dgeec/tables/paraguay_2012_departamentos/public,,5/25/20
446,PRY_ADM2.zip,Paraguay,2012,Open & Authoritative,ADM 2,"Direcion General de Estadica, Encuestas y Censos",,Creative Commons Attribution 4.0 International (CC BY 4.0),Creative Commons V4,https://twitter.com/WMgeoLab/status/1179001467669078017/photo/3,No,http://geo.stp.gov.py/user/dgeec/tables/paraguay_2012_barrrios_y_localidades/public,,5/25/20
449,PER_ADM2.zip,Peru,2009,Authoritative & Humanitarian,ADM 2,Instituto GeogrÃ¡fico Nacional - IGN,United Nations Office for the Coordination of Humanitarian Affairs Regional Office for Latin America and the Caribbean (ROLAC),Other - Humanitarian,Humanitarian use only - Noted in metadata tab,https://data.humdata.org/dataset/limites-de-peru,No,https://data.humdata.org/dataset/limites-de-peru,,5/25/20
450,PHL_ADM0.zip,Philippines,2018,Authoritative & Humanitarian,ADM 0,"National Mapping and Resource Information Authority (NAMRIA), Philippines Statistics Authority (PSA)",OCHA Philippines,Other - Humanitarian,Humanitarian use only - Noted in metadata tab,https://data.humdata.org/dataset/philippines-administrative-levels-0-to-3,No,https://data.humdata.org/dataset/philippines-administrative-levels-0-to-3,,5/25/20
451,PHL_ADM1.zip,Philippines,2018,Authoritative & Humanitarian,ADM 1,"National Mapping and Resource Information Authority (NAMRIA), Philippines Statistics Authority (PSA)",OCHA Philippines,Other - Humanitarian,Humanitarian use only - Noted in metadata tab,https://data.humdata.org/dataset/philippines-administrative-levels-0-to-3,No,https://data.humdata.org/dataset/philippines-administrative-levels-0-to-3,,5/25/20
452,PHL_ADM2.zip,Philippines,2018,Authoritative & Humanitarian,ADM 2,"National Mapping and Resource Information Authority (NAMRIA), Philippines Statistics Authority (PSA)",OCHA Philippines,Other - Humanitarian,Humanitarian use only - Noted in metadata tab,https://data.humdata.org/dataset/philippines-administrative-levels-0-to-3,No,https://data.humdata.org/dataset/philippines-administrative-levels-0-to-3,,5/25/20
453,PHL_ADM3.zip,Philippines,2018,Authoritative & Humanitarian,ADM 3,"National Mapping and Resource Information Authority (NAMRIA), Philippines Statistics Authority (PSA)",OCHA Philippines,Other - Humanitarian,Humanitarian use only - Noted in metadata tab,https://data.humdata.org/dataset/philippines-administrative-levels-0-to-3,No,https://data.humdata.org/dataset/philippines-administrative-levels-0-to-3,,5/25/20
463,QAT_ADM1.zip,Qatar,2015,Open & Authoritative,ADM 1,geoBoundaries,Qatar Open Data Portal,Creative Commons Attribution 4.0 International (CC BY 4.0),,https://www.data.gov.qa/pages/license/annexes,No,https://www.data.gov.qa/explore/dataset/gis-statistics/export/,,5/25/20
464,QAT_ADM2.zip,Qatar,2015,Open & Authoritative,ADM2,geoBoundaries,Qatar Open Data Portal,Creative Commons Attribution 4.0 International (CC BY 4.0),,https://www.data.gov.qa/pages/license/annexes,No,https://www.data.gov.qa/explore/dataset/gis-statistics/export/,,5/25/20
476,RWA_ADM2.zip,Rwanda,2012,Open & Authoritative,ADM 2,Open Data Rwanda,,Creative Commons Attribution 4.0 International (CC BY 4.0),,http://www.statistics.gov.rw/terms-use,No,http://geodata-nisr.opendata.arcgis.com/datasets/c0a3d1deab694f7998bc4b966be12cbb_0,,5/25/20
477,RWA_ADM3.zip,Rwanda,2012,Open & Authoritative,ADM 3,Open Data Rwanda,,Creative Commons Attribution 4.0 International (CC BY 4.0),,http://www.statistics.gov.rw/terms-use,No,http://geodata-nisr.opendata.arcgis.com/datasets/7083c6f446ae41c1bc69649f577f8a68_0,,5/25/20
489,SEN_ADM0.zip,Senegal,2017,Authoritative & Humanitarian,ADM 0,Government of Senegal,United Nations Office for the Coordination of Humanitarian Affairs Regional Office for West and Central Africa (ROWCA),Other - Humanitarian,Humanitarian use only - Noted in metadata tab,https://data.humdata.org/dataset/senegal-administrative-boundaries,No,https://data.humdata.org/dataset/senegal-administrative-boundaries,,5/25/20
490,SEN_ADM1.zip,Senegal,2017,Authoritative & Humanitarian,ADM 1,Government of Senegal,United Nations Office for the Coordination of Humanitarian Affairs Regional Office for West and Central Africa (ROWCA),Other - Humanitarian,Humanitarian use only - Noted in metadata tab,https://data.humdata.org/dataset/senegal-administrative-boundaries,No,https://data.humdata.org/dataset/senegal-administrative-boundaries,,5/25/20
491,SEN_ADM2.zip,Senegal,2017,Authoritative & Humanitarian,ADM 2,Government of Senegal,United Nations Office for the Coordination of Humanitarian Affairs Regional Office for West and Central Africa (ROWCA),Other - Humanitarian,Humanitarian use only - Noted in metadata tab,https://data.humdata.org/dataset/senegal-administrative-boundaries,No,https://data.humdata.org/dataset/senegal-administrative-boundaries,,5/25/20
492,SEN_ADM3.zip,Senegal,2017,Authoritative & Humanitarian,ADM 3,Government of Senegal,United Nations Office for the Coordination of Humanitarian Affairs Regional Office for West and Central Africa (ROWCA),Other - Humanitarian,Humanitarian use only - Noted in metadata tab,https://data.humdata.org/dataset/senegal-administrative-boundaries,No,https://data.humdata.org/dataset/senegal-administrative-boundaries,,5/25/20
498,SLE_ADM0.zip,Sierra Leone,2017,Authoritative & Humanitarian,ADM 0,Government of Sierra Leone,United Nations Office for the Coordination of Humanitarian Affairs Regional Office for West and Central Africa (ROWCA),Other - Humanitarian,Humanitarian use only - Noted in metadata tab,https://data.humdata.org/dataset/sierra-leone-all-ad-min-level-boundaries,No,https://data.humdata.org/dataset/sierra-leone-all-ad-min-level-boundaries,,5/25/20
499,SLE_ADM1.zip,Sierra Leone,2017,Authoritative & Humanitarian,ADM 1,Government of Sierra Leone,United Nations Office for the Coordination of Humanitarian Affairs Regional Office for West and Central Africa (ROWCA),Other - Humanitarian,Humanitarian use only - Noted in metadata tab,https://data.humdata.org/dataset/sierra-leone-all-ad-min-level-boundaries,No,https://data.humdata.org/dataset/sierra-leone-all-ad-min-level-boundaries,,5/25/20
500,SLE_ADM2.zip,Sierra Leone,2017,Authoritative & Humanitarian,ADM 2,Government of Sierra Leone,United Nations Office for the Coordination of Humanitarian Affairs Regional Office for West and Central Africa (ROWCA),Other - Humanitarian,Humanitarian use only - Noted in metadata tab,https://data.humdata.org/dataset/sierra-leone-all-ad-min-level-boundaries,No,https://data.humdata.org/dataset/sierra-leone-all-ad-min-level-boundaries,,5/25/20
501,SLE_ADM3.zip,Sierra Leone,2017,Authoritative & Humanitarian,ADM 3,Government of Sierra Leone,United Nations Office for the Coordination of Humanitarian Affairs Regional Office for West and Central Africa (ROWCA),Other - Humanitarian,Humanitarian use only - Noted in metadata tab,https://data.humdata.org/dataset/sierra-leone-all-ad-min-level-boundaries,No,https://data.humdata.org/dataset/sierra-leone-all-ad-min-level-boundaries,,5/25/20
502,RWA_ADM4.zip,Rwanda,2012,Open & Authoritative,ADM 4,Open Data Rwanda,,Creative Commons Attribution 4.0 International (CC BY 4.0),,http://www.statistics.gov.rw/terms-use,No,http://geodata-nisr.opendata.arcgis.com/datasets/5ce6aa02c0f443638304bfb97329e6df_0,,5/25/20
518,SLE_ADM4.zip,Sierra Leone,2016,Open & Authoritative,ADM 4,Open Africa,Code for Sierra Leone,Open Data Commons Open Database License 1.0,Open Data,https://africaopendata.org/dataset/sierra-leone-admin-level-4-boundaries,No,https://africaopendata.org/dataset/sierra-leone-admin-level-4-boundaries,,5/25/20
534,SSD_ADM0.zip,South Sudan,2014,Authoritative & Humanitarian,ADM 0,"South Sudan Inter Cluster Information Management Working Group (ICIWG), National Bureau of Statistics (NBS)",United Nations Office for the Coordination of Humanitarian Affairs South Sudan,Other - Humanitarian,Humanitarian use only - Noted in metadata tab,https://data.humdata.org/dataset/south-sudan-administrative-boundaries,No,https://data.humdata.org/dataset/south-sudan-administrative-boundaries,,5/25/20
535,SSD_ADM1.zip,South Sudan,2014,Authoritative & Humanitarian,ADM 1,"South Sudan Inter Cluster Information Management Working Group (ICIWG), National Bureau of Statistics (NBS)",United Nations Office for the Coordination of Humanitarian Affairs South Sudan,Other - Humanitarian,Humanitarian use only - Noted in metadata tab,https://data.humdata.org/dataset/south-sudan-administrative-boundaries,No,https://data.humdata.org/dataset/south-sudan-administrative-boundaries,,5/25/20
536,SSD_ADM2.zip,South Sudan,2008,Authoritative & Humanitarian,ADM 2,"South Sudan Inter Cluster Information Management Working Group (ICIWG), National Bureau of Statistics (NBS)",United Nations Office for the Coordination of Humanitarian Affairs South Sudan,Other - Humanitarian,Humanitarian use only - Noted in metadata tab,https://data.humdata.org/dataset/south-sudan-administrative-boundaries,No,https://data.humdata.org/dataset/south-sudan-administrative-boundaries,,5/25/20
537,ESP_ADM0.zip,Spain,2017,Open & Authoritative,ADM 0,Instituto de Geografico Nacional,,Creative Commons Attribution 4.0 International (CC BY 4.0),CC-BY 4.0,http://centrodedescargas.cnig.es/CentroDescargas/index.jsp#,No,http://centrodedescargas.cnig.es/CentroDescargas/index.jsp,,5/25/20
538,ESP_ADM1.zip,Spain,2017,Open & Authoritative,ADM 1,Instituto de Geografico Nacional,,Creative Commons Attribution 4.0 International (CC BY 4.0),CC-BY 4.0,http://centrodedescargas.cnig.es/CentroDescargas/index.jsp#,No,http://centrodedescargas.cnig.es/CentroDescargas/index.jsp,,5/25/20
539,ESP_ADM2.zip,Spain,2017,Open & Authoritative,ADM 2,Instituto de Geografico Nacional,,Creative Commons Attribution 4.0 International (CC BY 4.0),CC-BY 4.0,http://centrodedescargas.cnig.es/CentroDescargas/index.jsp#,No,http://centrodedescargas.cnig.es/CentroDescargas/index.jsp,,5/25/20
543,LKA_ADM3.zip,Sri Lanka,2016,Authoritative & Humanitarian,ADM 3,"The Survey Department of Sri Lanka, National Building Research Organisation (NBRO), Disaster Management Centre (DMC)",United Nations Office for the Coordination of Humanitarian Affairs Regional Office for Asia and the Pacific (ROAP),Other - Humanitarian,Humanitarian use only - Noted in metadata tab,https://data.humdata.org/about/license,No,https://data.humdata.org/dataset/sri-lanka-administrative-levels-0-4-boundaries,,5/25/20
562,SWE_ADM3.zip,Sweden,2018,Open & Authoritative,ADM 3,Lantmateriet,Statistics Sweden,Public Domain,Public Domain,https://www.lantmateriet.se/sv/Kartor-och-geografisk-information/oppna-data/?faq=d3f4,No,https://www.lantmateriet.se/sv/Kartor-och-geografisk-information/Kartor/distriktsindelning/,,5/25/20
571,SYR_ADM2.zip,Syria,2017,Authoritative & Humanitarian,ADM 2,United Nations Cartographic Section (UNCS),United Nations Office for the Coordination of Humanitarian Affairs ROSC,Other - Humanitarian,may not be allowed to redistribute,https://data.humdata.org/about/license,No,https://data.humdata.org/dataset/syrian-arab-republic-administrative-boundaries-populated-places,,5/25/20
572,SYR_ADM3.zip,Syria,2017,Authoritative & Humanitarian,ADM 3,United Nations Cartographic Section (UNCS),United Nations Office for the Coordination of Humanitarian Affairs ROSC,Other - Humanitarian,may not be allowed to redistribute,https://data.humdata.org/about/license,No,https://data.humdata.org/dataset/syrian-arab-republic-administrative-boundaries-populated-places,,5/25/20
581,TZA_ADM2.zip,Tanzania,2013,Authoritative,ADM 2,Tanzanian Bureau of Statistics,,Other - Organization Specific,Royalty-free license to use the information on the open data portal for any lawful purposes.,http://opendata.go.tz/en/pages/kanuni-na-masharti,No,https://www.nbs.go.tz/index.php/en/census-surveys/gis/385-2012-phc-shapefiles-level-one-and-two,,5/25/20
585,THA_ADM2.zip,Thailand,2017,Authoritative & Humanitarian,ADM 2,GISTA (Geo-Informatics and Space Technology Development Agency),United Nations Office for the Coordination of Humanitarian Affairs ROAP,Other - Humanitarian,Humanitarian use only - Noted in metadata tab,https://data.humdata.org/dataset/thailand-administrative-boundaries,No,https://data.humdata.org/dataset/thailand-administrative-boundaries,,5/25/20
601,TUR_ADM0.zip,Turkey,2017,Authoritative & Humanitarian,ADM 0,General Command of Mapping,Regional IM Working Group - Europe,Other - Humanitarian,Humanitarian use only - Noted in metadata tab,https://data.humdata.org/dataset/turkey-administrative-boundaries-levels-0-1-2,No,https://data.humdata.org/dataset/turkey-administrative-boundaries-levels-0-1-2,,5/25/20
602,TUR_ADM1.zip,Turkey,2017,Authoritative & Humanitarian,ADM 1,General Command of Mapping,Regional IM Working Group - Europe,Other - Humanitarian,Humanitarian use only - Noted in metadata tab,https://data.humdata.org/dataset/turkey-administrative-boundaries-levels-0-1-2,No,https://data.humdata.org/dataset/turkey-administrative-boundaries-levels-0-1-2,,5/25/20
603,TUR_ADM2.zip,Turkey,2017,Authoritative & Humanitarian,ADM 2,General Command of Mapping,Regional IM Working Group - Europe,Other - Humanitarian,Humanitarian use only - Noted in metadata tab,https://data.humdata.org/dataset/turkey-administrative-boundaries-levels-0-1-2,No,https://data.humdata.org/dataset/turkey-administrative-boundaries-levels-0-1-2,,5/25/20
620,GBR_ADM0.zip,United Kingdom,2018,Open & Authoritative,ADM 0,Office of National Statistics Geography,,Open Data Commons Open Database License 1.0,http://www.nationalarchives.gov.uk/doc/open-government-licence/version/3/,http://geoportal.statistics.gov.uk/datasets/local-administrative-units-level-1-january-2018-full-extent-boundaries-in-united-kingdom,No,http://geoportal.statistics.gov.uk/datasets/local-administrative-units-level-1-january-2018-full-extent-boundaries-in-united-kingdom,,5/25/20
621,GBR_ADM1.zip,United Kingdom,2018,Open & Authoritative,ADM 1,Office of National Statistics Geography,,Open Data Commons Open Database License 1.0,http://www.nationalarchives.gov.uk/doc/open-government-licence/version/3/,http://geoportal.statistics.gov.uk/datasets/local-administrative-units-level-1-january-2018-full-extent-boundaries-in-united-kingdom,No,http://geoportal.statistics.gov.uk/datasets/local-administrative-units-level-1-january-2018-full-extent-boundaries-in-united-kingdom,,5/25/20
622,GBR_ADM2.zip,United Kingdom,2019,Open & Authoritative,ADM 2,Office for National Statistics Open Geography Portal,,Open Data Commons Open Database License 1.0,http://www.nationalarchives.gov.uk/doc/open-government-licence/version/3/,https://geoportal.statistics.gov.uk/datasets/local-authority-districts-april-2019-boundaries-uk-bfc?geometry=-86.062%2C46.017%2C26.262%2C63.434,No,https://geoportal.statistics.gov.uk/datasets/local-authority-districts-april-2019-boundaries-uk-bfc?geometry=-86.062%2C46.017%2C26.262%2C63.434,,5/25/20
623,GBR_ADM3.zip,United Kingdom,2018,Open & Authoritative,ADM 3,Office for National Statistics Open Geography Portal,,Open Data Commons Open Database License 1.0,http://www.nationalarchives.gov.uk/doc/open-government-licence/version/3/,https://geoportal.statistics.gov.uk/datasets/wards-december-2018-full-extent-boundaries-uk?geometry=-96.518%2C48.053%2C70.738%2C64.739,No,https://geoportal.statistics.gov.uk/datasets/wards-december-2018-full-extent-boundaries-uk?geometry=-96.518%2C48.053%2C70.738%2C64.739,,5/25/20
624,USA_ADM0.zip,United States,2017,Open & Authoritative,ADM 0,US Census,,Open Data Commons Open Database License 1.0,,https://www.census.gov/about/policies/open-gov/open-data.html,No,https://www.census.gov/geographies/mapping-files/time-series/geo/carto-boundary-file.html,,5/25/20
625,USA_ADM1.zip,United States,2017,Open & Authoritative,ADM 1,US Census,,Open Data Commons Open Database License 1.0,,https://www.census.gov/about/policies/open-gov/open-data.html,No,https://www.census.gov/geographies/mapping-files/time-series/geo/carto-boundary-file.html,,5/25/20
626,USA_ADM2.zip,United States,2016,Open & Authoritative,ADM 2,US Census,,Open Data Commons Open Database License 1.0,,https://www.census.gov/about/policies/open-gov/open-data.html,No,https://www.census.gov/geographies/mapping-files/time-series/geo/carto-boundary-file.html,,5/25/20
650,YEM_ADM2.zip,Yemen,2015,Authoritative & Humanitarian,ADM 2,Yemen Ministry of Local Administration/Central Statistical Organization,,Other - Humanitarian,Humanitarian use only - Noted in metadata tab,https://data.humdata.org/dataset/yemen-admin-boundaries,No,https://data.humdata.org/dataset/yemen-admin-boundaries,,5/25/20
651,ZMB_ADM0.zip,Zambia,2012,Authoritative & Humanitarian,ADM 0,ISCGM; Zambia CSO,United Nations Office for the Coordination of Humanitarian Affairs ROSA,Other - Humanitarian,Humanitarian use only - Noted in metadata tab,https://data.humdata.org/dataset/zambia-administrative-boundaries-level-1-provinces-and-level-2-districts-with-census-2010-population,No,https://data.humdata.org/dataset/zambia-administrative-boundaries-level-1-provinces-and-level-2-districts-with-census-2010-population,,5/25/20
652,ZMB_ADM1.zip,Zambia,2012,Authoritative & Humanitarian,ADM 1,ISCGM; Zambia CSO,United Nations Office for the Coordination of Humanitarian Affairs ROSA,Other - Humanitarian,Humanitarian use only - Noted in metadata tab,https://data.humdata.org/dataset/zambia-administrative-boundaries-level-1-provinces-and-level-2-districts-with-census-2010-population,No,https://data.humdata.org/dataset/zambia-administrative-boundaries-level-1-provinces-and-level-2-districts-with-census-2010-population,,5/25/20
653,ZMB_ADM2.zip,Zambia,2012,Authoritative & Humanitarian,ADM 2,ISCGM; Zambia CSO,United Nations Office for the Coordination of Humanitarian Affairs ROSA,Other - Humanitarian,Humanitarian use only - Noted in metadata tab,https://data.humdata.org/dataset/zambia-administrative-boundaries-level-1-provinces-and-level-2-districts-with-census-2010-population,No,https://data.humdata.org/dataset/zambia-administrative-boundaries-level-1-provinces-and-level-2-districts-with-census-2010-population,,5/25/20
654,ZWE_ADM0.zip,Zimbabwe,2015,Authoritative & Humanitarian,ADM 0,Zimbabwe Central Statistics Office (ZimStat),United Nations Office for the Coordination of Humanitarian Affairs ROSA,Other - Humanitarian,Humanitarian use only - Noted in metadata tab,https://data.humdata.org/dataset/zimbabwe-administrative-levels-0-3-boundaries,No,https://data.humdata.org/dataset/zimbabwe-administrative-levels-0-3-boundaries,,5/25/20
655,ZWE_ADM1.zip,Zimbabwe,2015,Authoritative & Humanitarian,ADM 1,Zimbabwe Central Statistics Office (ZimStat),United Nations Office for the Coordination of Humanitarian Affairs ROSA,Other - Humanitarian,Humanitarian use only - Noted in metadata tab,https://data.humdata.org/dataset/zimbabwe-administrative-levels-0-3-boundaries,No,https://data.humdata.org/dataset/zimbabwe-administrative-levels-0-3-boundaries,,5/25/20
656,ZWE_ADM2.zip,Zimbabwe,2015,Authoritative & Humanitarian,ADM 2,Zimbabwe Central Statistics Office (ZimStat),United Nations Office for the Coordination of Humanitarian Affairs ROSA,Other - Humanitarian,Humanitarian use only - Noted in metadata tab,https://data.humdata.org/dataset/zimbabwe-administrative-levels-0-3-boundaries,No,https://data.humdata.org/dataset/zimbabwe-administrative-levels-0-3-boundaries,,5/25/20