boundaryID,boundaryName,boundaryISO,boundaryYearRepresented,boundaryType,boundaryCanonical,boundarySource,boundaryLicense,licenseDetail,licenseSource,boundarySourceURL,sourceDataUpdateDate,buildDate,Continent,UNSDG-region,UNSDG-subregion,worldBankIncomeGroup,admUnitCount,meanVertices,minVertices,maxVertices,meanPerimeterLengthKM,minPerimeterLengthKM,maxPerimeterLengthKM,meanAreaSqKM,minAreaSqKM,maxAreaSqKM,staticDownloadLink
"BDI-ADM0-19907127","Burundi","BDI","26-03-2015 to 01-05-2015","ADM0","Burundi","UN SALB, Institut Geographique de Burundi","UN SALB Data License","","www.unsalb.org/sites/default/files/wysiwyg_uploads/docs_uploads/TermsOfUseSALB2021.pdf","www.unsalb.org/data/bdi","Thu Jan 19 07:31:04 2023","Dec 07, 2023","Africa","Sub-Saharan Africa","Eastern Africa","Low-income Countries","1","6799.0","6799","6799","1068.9584555393114","1068.9584555393114","1068.9584555393114","25043.625140648495","25043.625140648495","25043.625140648495","https://github.com/wmgeolab/geoBoundaries/raw/ea5b27e/releaseData/gbAuthoritative/BDI/ADM0/geoBoundaries-BDI-ADM0-all.zip"
"BDI-ADM1-42144970","Burundi","BDI","26-03-2015 to 01-05-2015","ADM1","Province","From SALB Data, United Nations, Institut Geographique de Burundi","UN SALB Data License","","www.unsalb.org/sites/default/files/wysiwyg_uploads/docs_uploads/TermsOfUseSALB2021.pdf","www.unsalb.org/data/bdi","Thu Jan 19 07:31:04 2023","Dec 07, 2023","Africa","Sub-Saharan Africa","Eastern Africa","Low-income Countries","18","1166.0","541","2107","231.94636168539475","82.62892372221582","349.98018393934234","1391.3125079021952","120.28867854296195","2245.195456842861","https://github.com/wmgeolab/geoBoundaries/raw/ea5b27e/releaseData/gbAuthoritative/BDI/ADM1/geoBoundaries-BDI-ADM1-all.zip"
"BDI-ADM2-91688708","Burundi","BDI","26-03-2015 to 01-05-2015","ADM2","Communes","UN SALB, Institut Geographique de Burundi","UN SALB Data License","","www.unsalb.org/sites/default/files/wysiwyg_uploads/docs_uploads/TermsOfUseSALB2021.pdf","www.unsalb.org/data/bdi","Thu Jan 19 07:31:04 2023","Dec 07, 2023","Africa","Sub-Saharan Africa","Eastern Africa","Low-income Countries","119","361.0","102","1402","80.522832888631","22.079017030554095","178.27488659402405","210.45063143402123","16.42712046926371","559.3268732947547","https://github.com/wmgeolab/geoBoundaries/raw/ea5b27e/releaseData/gbAuthoritative/BDI/ADM2/geoBoundaries-BDI-ADM2-all.zip"
"BEN-ADM0-26503623","Benin","BEN","01-01-2000 to 17-12-2015","ADM0","Benin","UN SALB, Institut Géographique National du Bénin","UN SALB Data License","","www.unsalb.org/sites/default/files/wysiwyg_uploads/docs_uploads/TermsOfUseSALB2021.pdf","www.unsalb.org/data/ben","Thu Jan 19 07:31:04 2023","Dec 08, 2023","Africa","Sub-Saharan Africa","Western Africa","Low-income Countries","1","10892.0","10892","10892","2267.506895161563","2267.506895161563","2267.506895161563","115269.35237120069","115269.35237120069","115269.35237120069","https://github.com/wmgeolab/geoBoundaries/raw/ea5b27e/releaseData/gbAuthoritative/BEN/ADM0/geoBoundaries-BEN-ADM0-all.zip"
"BEN-ADM1-28369687","Benin","BEN","01-01-2000 to 17-12-2015","ADM1","Departments","UN SALB, Institut Géographique National du Bénin","UN SALB Data License","","www.unsalb.org/sites/default/files/wysiwyg_uploads/docs_uploads/TermsOfUseSALB2021.pdf","www.unsalb.org/data/ben","Thu Jan 19 07:31:04 2023","Dec 07, 2023","Africa","Sub-Saharan Africa","Western Africa","Low-income Countries","12","1652.0","324","4448","455.51463570969275","55.82298207808644","904.3165799009022","9605.779364274387","106.70236873620183","26507.201070151932","https://github.com/wmgeolab/geoBoundaries/raw/ea5b27e/releaseData/gbAuthoritative/BEN/ADM1/geoBoundaries-BEN-ADM1-all.zip"
"BEN-ADM2-80310733","Benin","BEN","01-01-2000 to 17-12-2015","ADM2","Communes","UN SALB, Institut Géographique National du Bénin","UN SALB Data License","","www.unsalb.org/sites/default/files/wysiwyg_uploads/docs_uploads/TermsOfUseSALB2021.pdf","www.unsalb.org/data/ben","Thu Jan 19 07:31:04 2023","Dec 07, 2023","Africa","Sub-Saharan Africa","Western Africa","Low-income Countries","77","680.0","65","5232","176.4424358071668","33.496772982260076","550.2008059665899","1497.004576248577","54.1079560423872","6898.495457789352","https://github.com/wmgeolab/geoBoundaries/raw/ea5b27e/releaseData/gbAuthoritative/BEN/ADM2/geoBoundaries-BEN-ADM2-all.zip"
"CAN-ADM0-3207997","Canada","CAN","01-01-2016 to 23-05-2018","ADM0","Canada","From SALB Data, United Nations, Canada Centre for Mapping and Earth Observation, Strategic Policy and Results Sector, Natural Resources Canada","UN SALB Data License","","www.unsalb.org/sites/default/files/wysiwyg_uploads/docs_uploads/SALB_DataSpecifications_v2.0_20210601.pdf","www.unsalb.org/data/can","Thu Jan 19 07:31:04 2023","Dec 07, 2023","Northern America","Europe and Northern America","Undefined","High-income Countries","1","280915.0","280915","280915","408977.3302568921","408977.3302568921","408977.3302568921","9975263.308800641","9975263.308800641","9975263.308800641","https://github.com/wmgeolab/geoBoundaries/raw/ea5b27e/releaseData/gbAuthoritative/CAN/ADM0/geoBoundaries-CAN-ADM0-all.zip"
"CAN-ADM1-72827969","Canada","CAN","01-01-2016 to 23-05-2018","ADM1","Provinces","From SALB Data, United Nations, Canada Centre for Mapping and Earth Observation, Strategic Policy and Results Sector, Natural Resources Canada","UN SALB Data License","","www.unsalb.org/sites/default/files/wysiwyg_uploads/docs_uploads/SALB_DataSpecifications_v2.0_20210601.pdf","www.unsalb.org/data/can","Thu Jan 19 07:31:04 2023","Dec 07, 2023","Northern America","Europe and Northern America","Undefined","High-income Countries","13","25490.0","1247","157457","35597.51757792051","1417.812419005754","266957.45478633174","767327.9468308168","5931.677579720699","2090744.6067030788","https://github.com/wmgeolab/geoBoundaries/raw/ea5b27e/releaseData/gbAuthoritative/CAN/ADM1/geoBoundaries-CAN-ADM1-all.zip"
"CAN-ADM2-33377077","Canada","CAN","01-01-2016 to 23-05-2018","ADM2","Varies by province","From SALB Data, United Nations, Canada Centre for Mapping and Earth Observation, Strategic Policy and Results Sector, Natural Resources Canada","UN SALB Data License","","www.unsalb.org/sites/default/files/wysiwyg_uploads/docs_uploads/SALB_DataSpecifications_v2.0_20210601.pdf","www.unsalb.org/data/can","Thu Jan 19 07:31:04 2023","Dec 07, 2023","Northern America","Europe and Northern America","Undefined","High-income Countries","296","1536.0","8","110731","2203.6469936621156","14.802387025803654","197942.58826201633","33700.21388108309","0.8081491490663242","1042323.822968888","https://github.com/wmgeolab/geoBoundaries/raw/ea5b27e/releaseData/gbAuthoritative/CAN/ADM2/geoBoundaries-CAN-ADM2-all.zip"
"CIV-ADM0-93575233","Côte d'Ivoire","CIV","04-07-2012 to 27-09-2021","ADM0","République de Côte d'Ivoire","From SALB Data, United Nations, Centre d'Information Géographique et du Numérique (BNETD), Côte d'Ivoire","UN SALB Data License","","www.unsalb.org/sites/default/files/wysiwyg_uploads/docs_uploads/SALB_DataSpecifications_v2.0_20210601.pdf","www.unsalb.org/data/CIV","Thu Jan 19 07:31:04 2023","Dec 07, 2023","Africa","Sub-Saharan Africa","Western Africa","Lower-middle-income Countries","1","17436.0","17436","17436","4011.8287689203203","4011.8287689203203","4011.8287689203203","321693.0959534693","321693.0959534693","321693.0959534693","https://github.com/wmgeolab/geoBoundaries/raw/ea5b27e/releaseData/gbAuthoritative/CIV/ADM0/geoBoundaries-CIV-ADM0-all.zip"
"CIV-ADM1-37579659","Côte d'Ivoire","CIV","04-07-2012 to 27-09-2021","ADM1","Districts","From SALB Data, United Nations, Centre d'Information Géographique et du Numérique (BNETD), Côte d'Ivoire","UN SALB Data License","","www.unsalb.org/sites/default/files/wysiwyg_uploads/docs_uploads/SALB_DataSpecifications_v2.0_20210601.pdf","www.unsalb.org/data/CIV","Thu Jan 19 07:31:04 2023","Dec 07, 2023","Africa","Sub-Saharan Africa","Western Africa","Lower-middle-income Countries","33","2716.0","687","7437","641.7120872025134","228.95521358074592","1110.4791620748636","9748.275634953648","2095.6772551234867","21882.10409916433","https://github.com/wmgeolab/geoBoundaries/raw/ea5b27e/releaseData/gbAuthoritative/CIV/ADM1/geoBoundaries-CIV-ADM1-all.zip"
"CIV-ADM2-17193743","Côte d'Ivoire","CIV","04-07-2012 to 27-09-2021","ADM2","Regions","From SALB Data, United Nations, Centre d'Information Géographique et du Numérique (BNETD), Côte d'Ivoire","UN SALB Data License","","www.unsalb.org/sites/default/files/wysiwyg_uploads/docs_uploads/SALB_DataSpecifications_v2.0_20210601.pdf","www.unsalb.org/data/CIV","Thu Jan 19 07:31:04 2023","Dec 07, 2023","Africa","Sub-Saharan Africa","Western Africa","Lower-middle-income Countries","108","1216.0","112","3936","310.24464339946246","83.79442260093036","790.5006594424217","2978.63977734695","188.19000193709206","14577.063021650874","https://github.com/wmgeolab/geoBoundaries/raw/ea5b27e/releaseData/gbAuthoritative/CIV/ADM2/geoBoundaries-CIV-ADM2-all.zip"
"CMR-ADM0-8102639","Cameroon","CMR","01-01-2000 to 22-02-2021","ADM0","République du Cameroun","From SALB Data, United Nations, Institut National de Cartographie, Cameroon","UN SALB Data License","","www.unsalb.org/sites/default/files/wysiwyg_uploads/docs_uploads/SALB_DataSpecifications_v2.0_20210601.pdf","www.unsalb.org/data/cmr","Thu Jan 19 07:31:04 2023","Dec 07, 2023","Africa","Sub-Saharan Africa","Middle Africa","Lower-middle-income Countries","1","20785.0","20785","20785","5563.369703212643","5563.369703212643","5563.369703212643","465297.40039023594","465297.40039023594","465297.40039023594","https://github.com/wmgeolab/geoBoundaries/raw/ea5b27e/releaseData/gbAuthoritative/CMR/ADM0/geoBoundaries-CMR-ADM0-all.zip"
"CMR-ADM1-94711617","Cameroon","CMR","01-01-2000 to 22-02-2021","ADM1","Regions","From SALB Data, United Nations, Institut National de Cartographie, Cameroon","UN SALB Data License","","www.unsalb.org/sites/default/files/wysiwyg_uploads/docs_uploads/SALB_DataSpecifications_v2.0_20210601.pdf","www.unsalb.org/data/cmr","Thu Jan 19 07:31:04 2023","Dec 07, 2023","Africa","Sub-Saharan Africa","Middle Africa","Lower-middle-income Countries","10","4698.0","3251","5713","1407.3672029682489","767.5410245592218","2093.837123268166","46529.740059586584","13954.375243933524","108951.12156735371","https://github.com/wmgeolab/geoBoundaries/raw/ea5b27e/releaseData/gbAuthoritative/CMR/ADM1/geoBoundaries-CMR-ADM1-all.zip"
"CMR-ADM2-2761272","Cameroon","CMR","01-01-2000 to 22-02-2021","ADM2","Départements","From SALB Data, United Nations, Institut National de Cartographie, Cameroon","UN SALB Data License","","www.unsalb.org/sites/default/files/wysiwyg_uploads/docs_uploads/SALB_DataSpecifications_v2.0_20210601.pdf","www.unsalb.org/data/cmr","Thu Jan 19 07:31:04 2023","Dec 07, 2023","Africa","Sub-Saharan Africa","Middle Africa","Lower-middle-income Countries","58","1684.0","196","3541","488.2902144093046","97.26536039137291","1144.6125734559037","8022.3689757885995","289.4077590849692","36595.295696038615","https://github.com/wmgeolab/geoBoundaries/raw/ea5b27e/releaseData/gbAuthoritative/CMR/ADM2/geoBoundaries-CMR-ADM2-all.zip"
"CRI-ADM0-91819249","Costa Rica","CRI","25-09-1980 to 20-10-2021","ADM0","Republic of Costa Rica","From SALB Data, United Nations, National Geographic Institute","UN SALB Data License","","www.unsalb.org/sites/default/files/wysiwyg_uploads/docs_uploads/TermsOfUseSALB2021.pdf","www.unsalb.org/data/cri","Thu Jan 19 07:31:04 2023","Dec 07, 2023","Latin America and the Caribbean","Latin America and the Caribbean","Central America","Upper-middle-income Countries","1","17195.0","17195","17195","2439.718768708765","2439.718768708765","2439.718768708765","51163.104850617456","51163.104850617456","51163.104850617456","https://github.com/wmgeolab/geoBoundaries/raw/ea5b27e/releaseData/gbAuthoritative/CRI/ADM0/geoBoundaries-CRI-ADM0-all.zip"
"CRI-ADM1-18769754","Costa Rica","CRI","25-09-1980 to 20-10-2021","ADM1","Provinces","From SALB Data, United Nations, National Geographic Institute","UN SALB Data License","","www.unsalb.org/sites/default/files/wysiwyg_uploads/docs_uploads/TermsOfUseSALB2021.pdf","www.unsalb.org/data/cri","Thu Jan 19 07:31:04 2023","Dec 07, 2023","Latin America and the Caribbean","Latin America and the Caribbean","Central America","Upper-middle-income Countries","7","5797.0","1738","15539","800.4515345432554","312.30297348550727","1972.0696379873993","7309.014978659621","2663.675035306638","11277.365867525858","https://github.com/wmgeolab/geoBoundaries/raw/ea5b27e/releaseData/gbAuthoritative/CRI/ADM1/geoBoundaries-CRI-ADM1-all.zip"
"CRI-ADM2-82028731","Costa Rica","CRI","25-09-1980 to 20-10-2021","ADM2","Cantons","From SALB Data, United Nations, National Geographic Institute","UN SALB Data License","","www.unsalb.org/sites/default/files/wysiwyg_uploads/docs_uploads/TermsOfUseSALB2021.pdf","www.unsalb.org/data/cri","Thu Jan 19 07:31:04 2023","Dec 07, 2023","Latin America and the Caribbean","Latin America and the Caribbean","Central America","Upper-middle-income Countries","82","1196.0","102","6060","153.24374297888082","13.937203591621952","663.188616720156","623.9403030563099","6.745145199543054","3352.8791309221087","https://github.com/wmgeolab/geoBoundaries/raw/ea5b27e/releaseData/gbAuthoritative/CRI/ADM2/geoBoundaries-CRI-ADM2-all.zip"
"CUB-ADM0-62866971","Cuba","CUB","01-01-2010 to 29-09-2017","ADM0","República de Cuba","From SALB Data, United Nations, Servicio Hidrográfico y Geodésico de la República de Cuba","UN SALB Data License","","www.unsalb.org/sites/default/files/wysiwyg_uploads/docs_uploads/SALB_DataSpecifications_v2.0_20210601.pdf","www.unsalb.org/data/cub","Thu Jan 19 07:31:04 2023","Dec 07, 2023","Latin America and the Caribbean","Latin America and the Caribbean","Caribbean","Upper-middle-income Countries","1","28324.0","28324","28324","9681.784694529992","9681.784694529992","9681.784694529992","110784.13937162599","110784.13937162599","110784.13937162599","https://github.com/wmgeolab/geoBoundaries/raw/ea5b27e/releaseData/gbAuthoritative/CUB/ADM0/geoBoundaries-CUB-ADM0-all.zip"
"CUB-ADM1-69936302","Cuba","CUB","01-01-2010 to 29-09-2017","ADM1","Provinces","From SALB Data, United Nations, Servicio Hidrográfico y Geodésico de la República de Cuba","UN SALB Data License","","www.unsalb.org/sites/default/files/wysiwyg_uploads/docs_uploads/SALB_DataSpecifications_v2.0_20210601.pdf","www.unsalb.org/data/cub","Thu Jan 19 07:31:04 2023","Dec 07, 2023","Latin America and the Caribbean","Latin America and the Caribbean","Caribbean","Upper-middle-income Countries","16","3476.0","873","9036","922.4104999258727","194.85504239470595","2590.762742187235","6924.008710726673","741.9580116846798","16263.903484358185","https://github.com/wmgeolab/geoBoundaries/raw/ea5b27e/releaseData/gbAuthoritative/CUB/ADM1/geoBoundaries-CUB-ADM1-all.zip"
"CUB-ADM2-80426251","Cuba","CUB","01-01-2010 to 29-09-2017","ADM2","Municipalities","From SALB Data, United Nations, Servicio Hidrográfico y Geodésico de la República de Cuba","UN SALB Data License","","www.unsalb.org/sites/default/files/wysiwyg_uploads/docs_uploads/SALB_DataSpecifications_v2.0_20210601.pdf","www.unsalb.org/data/cub","Thu Jan 19 07:31:04 2023","Dec 07, 2023","Latin America and the Caribbean","Latin America and the Caribbean","Caribbean","Upper-middle-income Countries","169","881.0","23","4418","190.59576690066834","8.96135712036331","1264.4841111329486","655.5274519031167","3.482337948133877","4180.601977940335","https://github.com/wmgeolab/geoBoundaries/raw/ea5b27e/releaseData/gbAuthoritative/CUB/ADM2/geoBoundaries-CUB-ADM2-all.zip"
"CYP-ADM0-51845081","Cyprus","CYP","01-08-1960 to 10-10-2016","ADM0","The Republic of Cyprus","From SALB Data, United Nations, Government of Cyprus","UN SALB Data License","Found Terms and Conditions for UN SLAB on their website; not a typical license page","github.com/wmgeolab/geoBoundaryBot/blob/main/dta/licenseText/SALB_DataSpecifications_v2.0.pdf","www.unsalb.org/data/cyp","Thu Jan 19 07:31:04 2023","Dec 08, 2023","Asia","Northern Africa and Western Asia","Western Asia","High-income Countries","1","3022.0","3022","3022","812.4089318057854","812.4089318057854","812.4089318057854","9247.040741089033","9247.040741089033","9247.040741089033","https://github.com/wmgeolab/geoBoundaries/raw/ea5b27e/releaseData/gbAuthoritative/CYP/ADM0/geoBoundaries-CYP-ADM0-all.zip"
"CYP-ADM1-22183016","Cyprus","CYP","01-08-1960 to 10-10-2016","ADM1","Districts","From SALB Data, United Nations, Government of Cyprus","UN SALB Data License","Found Terms and Conditions for UN SLAB on their website; not a typical license page","github.com/wmgeolab/geoBoundaryBot/blob/main/dta/licenseText/SALB_DataSpecifications_v2.0.pdf","www.unsalb.org/data/cyp","Thu Jan 19 07:31:04 2023","Dec 07, 2023","Asia","Northern Africa and Western Asia","Western Asia","High-income Countries","6","1448.0","1023","1962","313.82997117606766","232.86652817056304","422.96483850287365","1541.1637040694156","640.0407535031811","2715.948520327397","https://github.com/wmgeolab/geoBoundaries/raw/ea5b27e/releaseData/gbAuthoritative/CYP/ADM1/geoBoundaries-CYP-ADM1-all.zip"
"ECU-ADM0-1484411","Ecuador","ECU","31-05-2013 to 20-02-2020","ADM0","Ecuador","From SALB Data, United Nations, Instituto Geográfico Militar de Ecuador","UN SALB Data License","","www.unsalb.org/sites/default/files/wysiwyg_uploads/docs_uploads/SALB_DataSpecifications_v2.0_20210601.pdf","www.unsalb.org/data/ecu","Thu Jan 19 07:31:04 2023","Dec 07, 2023","Latin America and the Caribbean","Latin America and the Caribbean","South America","Upper-middle-income Countries","1","31903.0","31903","31903","5026.383104631479","5026.383104631479","5026.383104631479","256509.30531213703","256509.30531213703","256509.30531213703","https://github.com/wmgeolab/geoBoundaries/raw/ea5b27e/releaseData/gbAuthoritative/ECU/ADM0/geoBoundaries-ECU-ADM0-all.zip"
"ECU-ADM1-49793562","Ecuador","ECU","31-05-2013 to 20-02-2020","ADM1","District","From SALB Data, United Nations, Instituto Geográfico Militar de Ecuador","UN SALB Data License","","www.unsalb.org/sites/default/files/wysiwyg_uploads/docs_uploads/SALB_DataSpecifications_v2.0_20210601.pdf","www.unsalb.org/data/ecu","Thu Jan 19 07:31:04 2023","Dec 07, 2023","Latin America and the Caribbean","Latin America and the Caribbean","South America","Upper-middle-income Countries","24","71342.0","12206","144870","823.259332454475","364.3077956764978","1759.929389120187","10687.88772133909","3382.017905006202","29513.741255409506","https://github.com/wmgeolab/geoBoundaries/raw/ea5b27e/releaseData/gbAuthoritative/ECU/ADM1/geoBoundaries-ECU-ADM1-all.zip"
"ECU-ADM2-13461642","Ecuador","ECU","31-05-2013 to 20-02-2020","ADM2","Cantons","From SALB Data, United Nations, Instituto Geográfico Militar de Ecuador","UN SALB Data License","","www.unsalb.org/sites/default/files/wysiwyg_uploads/docs_uploads/SALB_DataSpecifications_v2.0_20210601.pdf","www.unsalb.org/data/ecu","Thu Jan 19 07:31:04 2023","Dec 07, 2023","Latin America and the Caribbean","Latin America and the Caribbean","South America","Upper-middle-income Countries","221","26277.0","1047","272462","219.36926234778525","20.401686470070782","1158.8388283553666","1160.6755896476807","18.7614680366077","19854.876658901252","https://github.com/wmgeolab/geoBoundaries/raw/ea5b27e/releaseData/gbAuthoritative/ECU/ADM2/geoBoundaries-ECU-ADM2-all.zip"
"GHA-ADM0-73211575","Ghana","GHA","28-06-2012 to 24-01-2020","ADM0","Ghana","UN SALB, Ghana Lands Commission","UN SALB Data License","","www.unsalb.org/sites/default/files/wysiwyg_uploads/docs_uploads/TermsOfUseSALB2021.pdf","www.unsalb.org/data/gha","Thu Jan 19 07:31:04 2023","Dec 07, 2023","Africa","Sub-Saharan Africa","Western Africa","Lower-middle-income Countries","1","8720.0","8720","8720","2850.8268717082315","2850.8268717082315","2850.8268717082315","238779.61578886912","238779.61578886912","238779.61578886912","https://github.com/wmgeolab/geoBoundaries/raw/ea5b27e/releaseData/gbAuthoritative/GHA/ADM0/geoBoundaries-GHA-ADM0-all.zip"
"GHA-ADM1-65116158","Ghana","GHA","28-06-2012 to 24-01-2020","ADM1","Regions","UN SALB, Ghana Lands Commission","UN SALB Data License","","www.unsalb.org/sites/default/files/wysiwyg_uploads/docs_uploads/TermsOfUseSALB2021.pdf","www.unsalb.org/data/gha","Thu Jan 19 07:31:04 2023","Dec 07, 2023","Africa","Sub-Saharan Africa","Western Africa","Lower-middle-income Countries","10","12049.0","3689","26678","1105.398557895688","425.7307226050553","1920.4801381467885","23877.961579024006","3692.6175283155035","69744.19722928325","https://github.com/wmgeolab/geoBoundaries/raw/ea5b27e/releaseData/gbAuthoritative/GHA/ADM1/geoBoundaries-GHA-ADM1-all.zip"
"GHA-ADM2-91413546","Ghana","GHA","01-01-2001 to 24-01-2020","ADM2","District","From SALB Data, United Nations, National Geospatial Information Authority","UN SALB Data License","","www.unsalb.org/sites/default/files/wysiwyg_uploads/docs_uploads/SALB_DataSpecifications_v2.0_20210601.pdf","www.unsalb.org/data/gha","Thu Jan 19 07:31:04 2023","Dec 07, 2023","Africa","Sub-Saharan Africa","Western Africa","Lower-middle-income Countries","216","2922.0","134","17134","203.30984729186542","19.24884051453754","927.5122482713193","1105.4611842174102","18.549532439884686","8343.586674977558","https://github.com/wmgeolab/geoBoundaries/raw/ea5b27e/releaseData/gbAuthoritative/GHA/ADM2/geoBoundaries-GHA-ADM2-all.zip"
"GNB-ADM0-14497451","Guinea-Bissau","GNB","01-01-2000 to 17-05-2021","ADM0","Republica da Guine-Bissau","UN SALB, Direccao Geral de Geografia e Cadastro","UN SALB Data License","","www.unsalb.org/sites/default/files/wysiwyg_uploads/docs_uploads/TermsOfUseSALB2021.pdf","www.unsalb.org/data/gnb","Thu Jan 19 07:31:04 2023","Dec 07, 2023","Africa","Sub-Saharan Africa","Western Africa","Low-income Countries","1","5899.0","5899","5899","2955.98095140228","2955.98095140228","2955.98095140228","33941.63141371","33941.63141371","33941.63141371","https://github.com/wmgeolab/geoBoundaries/raw/ea5b27e/releaseData/gbAuthoritative/GNB/ADM0/geoBoundaries-GNB-ADM0-all.zip"
"GNB-ADM1-18278676","Guinea-Bissau","GNB","01-01-2000 to 17-05-2021","ADM1","Regions or Autonomous Sector","UN SALB, Direccao Geral de Geografia e Cadastro","UN SALB Data License","","www.unsalb.org/sites/default/files/wysiwyg_uploads/docs_uploads/TermsOfUseSALB2021.pdf","www.unsalb.org/data/gnb","Thu Jan 19 07:31:04 2023","Dec 07, 2023","Africa","Sub-Saharan Africa","Western Africa","Low-income Countries","9","826.0","45","3144","490.9518609554742","50.114872072622425","1113.497115339267","3771.2923793442046","96.53694087619115","9065.323685111643","https://github.com/wmgeolab/geoBoundaries/raw/ea5b27e/releaseData/gbAuthoritative/GNB/ADM1/geoBoundaries-GNB-ADM1-all.zip"
"GNB-ADM2-61539179","Guinea-Bissau","GNB","01-01-2000 to 17-05-2021","ADM2","Sectors","UN SALB, Direccao Geral de Geografia e Cadastro","UN SALB Data License","","www.unsalb.org/sites/default/files/wysiwyg_uploads/docs_uploads/TermsOfUseSALB2021.pdf","www.unsalb.org/data/gnb","Thu Jan 19 07:31:04 2023","Dec 07, 2023","Africa","Sub-Saharan Africa","Western Africa","Low-income Countries","39","252.0","30","2016","174.03932774424786","24.69001708887429","331.5134702301701","870.2982414115587","15.33030386613692","3139.5479468638","https://github.com/wmgeolab/geoBoundaries/raw/ea5b27e/releaseData/gbAuthoritative/GNB/ADM2/geoBoundaries-GNB-ADM2-all.zip"
"HTI-ADM0-84532151","Haiti","HTI","30-09-2014 to 01-01-2015","ADM0","République d'Haïti","From SALB Data, United Nations, Centre National de l'information Geo-Spatiale, Haiti","UN SALB Data License","","www.unsalb.org/sites/default/files/wysiwyg_uploads/docs_uploads/SALB_DataSpecifications_v2.0_20210601.pdf","www.unsalb.org/data/hti","Thu Jan 19 07:31:04 2023","Dec 07, 2023","Latin America and the Caribbean","Latin America and the Caribbean","Caribbean","Low-income Countries","1","12379.0","12379","12379","2394.726778330278","2394.726778330278","2394.726778330278","26952.557339687854","26952.557339687854","26952.557339687854","https://github.com/wmgeolab/geoBoundaries/raw/ea5b27e/releaseData/gbAuthoritative/HTI/ADM0/geoBoundaries-HTI-ADM0-all.zip"
"HTI-ADM1-42963842","Haiti","HTI","30-09-2014 to 01-01-2015","ADM1","Departments","From SALB Data, United Nations, Centre National de l'information Geo-Spatiale, Haiti","UN SALB Data License","","www.unsalb.org/sites/default/files/wysiwyg_uploads/docs_uploads/SALB_DataSpecifications_v2.0_20210601.pdf","www.unsalb.org/data/hti","Thu Jan 19 07:31:04 2023","Dec 07, 2023","Latin America and the Caribbean","Latin America and the Caribbean","Caribbean","Low-income Countries","10","2221.0","1266","3852","457.76889301376457","269.27148997466475","806.0427175613281","2695.255733968779","1218.3997693907252","4987.177654118071","https://github.com/wmgeolab/geoBoundaries/raw/ea5b27e/releaseData/gbAuthoritative/HTI/ADM1/geoBoundaries-HTI-ADM1-all.zip"
"HTI-ADM2-1662658","Haiti","HTI","30-09-2014 to 01-01-2015","ADM2","Arrondissements","From SALB Data, United Nations, Centre National de l'information Geo-Spatiale, Haiti","UN SALB Data License","","www.unsalb.org/sites/default/files/wysiwyg_uploads/docs_uploads/SALB_DataSpecifications_v2.0_20210601.pdf","www.unsalb.org/data/hti","Thu Jan 19 07:31:04 2023","Dec 07, 2023","Latin America and the Caribbean","Latin America and the Caribbean","Caribbean","Low-income Countries","41","807.0","215","2181","172.49922605066206","70.3152234178089","335.51364642706284","657.3794473094584","171.2992490634016","1939.4732395824815","https://github.com/wmgeolab/geoBoundaries/raw/ea5b27e/releaseData/gbAuthoritative/HTI/ADM2/geoBoundaries-HTI-ADM2-all.zip"
"ISL-ADM0-8594759","Iceland","ISL","2017","ADM0","Ísland","From SALB Data, United Nations, National Land Survey of Iceland (Landmælingar Íslands)","UN SALB Data License","","www.unsalb.org/sites/default/files/wysiwyg_uploads/docs_uploads/SALB_DataSpecifications_v2.0_20210601.pdf","www.unsalb.org/data/isl","Thu Jan 19 07:31:04 2023","Dec 07, 2023","Europe","Europe and Northern America","Northern Europe","High-income Countries","1","16154.0","16154","16154","9127.37257723632","9127.37257723632","9127.37257723632","102684.32934114346","102684.32934114346","102684.32934114346","https://github.com/wmgeolab/geoBoundaries/raw/ea5b27e/releaseData/gbAuthoritative/ISL/ADM0/geoBoundaries-ISL-ADM0-all.zip"
"ISL-ADM1-79437069","Iceland","ISL","2017","ADM1","Counties","From SALB Data, United Nations, National Land Survey of Iceland (Landmælingar Íslands)","UN SALB Data License","","www.unsalb.org/sites/default/files/wysiwyg_uploads/docs_uploads/SALB_DataSpecifications_v2.0_20210601.pdf","www.unsalb.org/data/isl","Thu Jan 19 07:31:04 2023","Dec 07, 2023","Europe","Europe and Northern America","Northern Europe","High-income Countries","74","354.0","24","1949","370.58565659483486","11.005968492687684","1292.821353151195","1387.6260721776205","1.595033706266468","8886.474642762474","https://github.com/wmgeolab/geoBoundaries/raw/ea5b27e/releaseData/gbAuthoritative/ISL/ADM1/geoBoundaries-ISL-ADM1-all.zip"
"KHM-ADM0-29009607","Cambodia","KHM","01-01-1998 to 01-01-2006","ADM0","Kingdom of Cambodia","From SALB Data, United Nations, Geographic Department, Ministry of Land Management, Urban Planning and Construction","UN SALB Data License","","www.unsalb.org/sites/default/files/wysiwyg_uploads/docs_uploads/SALB_DataSpecifications_v2.0_20210601.pdf","www.unsalb.org/data/khm","Thu Jan 19 07:31:04 2023","Dec 07, 2023","Asia","Eastern and South-Eastern Asia","South-Eastern Asia","Lower-middle-income Countries","1","9578.0","9578","9578","3268.007834035925","3268.007834035925","3268.007834035925","181421.7764256114","181421.7764256114","181421.7764256114","https://github.com/wmgeolab/geoBoundaries/raw/ea5b27e/releaseData/gbAuthoritative/KHM/ADM0/geoBoundaries-KHM-ADM0-all.zip"
"KHM-ADM1-64375661","Cambodia","KHM","01-01-1998 to 01-01-2006","ADM1","province and autonomous municipality","From SALB Data, United Nations, Geographic Department, Ministry of Land Management, Urban Planning and Construction","UN SALB Data License","","www.unsalb.org/sites/default/files/wysiwyg_uploads/docs_uploads/SALB_DataSpecifications_v2.0_20210601.pdf","www.unsalb.org/data/khm","Thu Jan 19 07:31:04 2023","Dec 07, 2023","Asia","Eastern and South-Eastern Asia","South-Eastern Asia","Lower-middle-income Countries","25","2845.0","445","5733","534.8225699070113","94.62420621301506","906.2691018581138","7256.871057027062","153.5420211057743","14001.806688486156","https://github.com/wmgeolab/geoBoundaries/raw/ea5b27e/releaseData/gbAuthoritative/KHM/ADM1/geoBoundaries-KHM-ADM1-all.zip"
"KHM-ADM2-5017001","Cambodia","KHM","01-01-1998 to 01-01-2006","ADM2","district","From SALB Data, United Nations, Geographic Department, Ministry of Land Management, Urban Planning and Construction","UN SALB Data License","","www.unsalb.org/sites/default/files/wysiwyg_uploads/docs_uploads/SALB_DataSpecifications_v2.0_20210601.pdf","www.unsalb.org/data/khm","Thu Jan 19 07:31:04 2023","Dec 07, 2023","Asia","Eastern and South-Eastern Asia","South-Eastern Asia","Lower-middle-income Countries","186","778.0","22","3659","161.8842719847502","6.0034940082472525","626.6824684646065","975.3858947550142","2.1944398402065604","5372.878756421774","https://github.com/wmgeolab/geoBoundaries/raw/ea5b27e/releaseData/gbAuthoritative/KHM/ADM2/geoBoundaries-KHM-ADM2-all.zip"
"LKA-ADM0-82763103","Sri Lanka","LKA","01-01-2005 to 22-08-2019","ADM0","Country","From SALB Data, United Nations, Survey Department of Sri Lanka","UN SALB Data License","","www.unsalb.org/sites/default/files/wysiwyg_uploads/docs_uploads/SALB_DataSpecifications_v2.0_20210601.pdf","www.unsalb.org/data/lka","Thu Jan 19 07:31:04 2023","Dec 07, 2023","Asia","Central and Southern Asia","Southern Asia","Lower-middle-income Countries","1","39336.0","39336","39336","2432.9486575700894","2432.9486575700894","2432.9486575700894","66181.99200749226","66181.99200749226","66181.99200749226","https://github.com/wmgeolab/geoBoundaries/raw/ea5b27e/releaseData/gbAuthoritative/LKA/ADM0/geoBoundaries-LKA-ADM0-all.zip"
"LKA-ADM1-70068021","Sri Lanka","LKA","01-01-2005 to 22-08-2019","ADM1","Country","From SALB Data, United Nations, Survey Department of Sri Lanka","UN SALB Data License","","www.unsalb.org/sites/default/files/wysiwyg_uploads/docs_uploads/SALB_DataSpecifications_v2.0_20210601.pdf","www.unsalb.org/data/lka","Thu Jan 19 07:31:04 2023","Dec 07, 2023","Asia","Central and Southern Asia","Southern Asia","Lower-middle-income Countries","9","21582.0","10523","37088","749.0398878421917","407.1946194467961","1384.5272850457718","7353.554667549503","3749.0394270755874","10687.924401723922","https://github.com/wmgeolab/geoBoundaries/raw/ea5b27e/releaseData/gbAuthoritative/LKA/ADM1/geoBoundaries-LKA-ADM1-all.zip"
"LKA-ADM2-82806371","Sri Lanka","LKA","01-01-2005 to 22-08-2019","ADM2","District","SALB programme, United Nations, Survey Department of Sri Lanka","UN SALB Data License","","www.unsalb.org/sites/default/files/wysiwyg_uploads/docs_uploads/SALB_DataSpecifications_v2.0_20210601.pdf","www.unsalb.org/data/lka","Thu Jan 19 07:31:04 2023","Dec 07, 2023","Asia","Central and Southern Asia","Southern Asia","Lower-middle-income Countries","25","11560.0","5369","24068","383.13117716678994","201.23186904375478","651.0540306155052","2647.2796803178235","685.3276014187197","7215.18135747597","https://github.com/wmgeolab/geoBoundaries/raw/ea5b27e/releaseData/gbAuthoritative/LKA/ADM2/geoBoundaries-LKA-ADM2-all.zip"
"LSO-ADM0-52679919","Lesotho","LSO","01-01-2005 to 30-08-2017","ADM0","Naha ea Lesotho","From SALB Data, United Nations, Department of Lands, Surveys & Physical Planning, Lesotho","UN SALB Data License","","www.unsalb.org/sites/default/files/wysiwyg_uploads/docs_uploads/SALB_DataSpecifications_v2.0_20210601.pdf","www.unsalb.org/data/lso","Thu Jan 19 07:31:04 2023","Dec 07, 2023","Africa","Sub-Saharan Africa","Southern Africa","Lower-middle-income Countries","1","5138.0","5138","5138","1118.3154495836463","1118.3154495836463","1118.3154495836463","30574.791724272764","30574.791724272764","30574.791724272764","https://github.com/wmgeolab/geoBoundaries/raw/ea5b27e/releaseData/gbAuthoritative/LSO/ADM0/geoBoundaries-LSO-ADM0-all.zip"
"LSO-ADM1-44839524","Lesotho","LSO","01-01-2005 to 30-08-2017","ADM1","Districts","From SALB Data, United Nations, Department of Lands, Surveys & Physical Planning, Lesotho","UN SALB Data License","","www.unsalb.org/sites/default/files/wysiwyg_uploads/docs_uploads/SALB_DataSpecifications_v2.0_20210601.pdf","www.unsalb.org/data/lso","Thu Jan 19 07:31:04 2023","Dec 07, 2023","Africa","Sub-Saharan Africa","Southern Africa","Lower-middle-income Countries","11","3528.0","1331","6061","446.39128103196475","181.94282265969775","689.2509275041398","2779.526520388434","429.96627160689593","4865.686362372107","https://github.com/wmgeolab/geoBoundaries/raw/ea5b27e/releaseData/gbAuthoritative/LSO/ADM1/geoBoundaries-LSO-ADM1-all.zip"
"LSO-ADM2-89256071","Lesotho","LSO","01-01-2005 to 30-08-2017","ADM2","Constituencies","From SALB Data, United Nations, Department of Lands, Surveys & Physical Planning, Lesotho","UN SALB Data License","","www.unsalb.org/sites/default/files/wysiwyg_uploads/docs_uploads/SALB_DataSpecifications_v2.0_20210601.pdf","www.unsalb.org/data/lso","Thu Jan 19 07:31:04 2023","Dec 07, 2023","Africa","Sub-Saharan Africa","Southern Africa","Lower-middle-income Countries","80","1083.0","83","4435","127.34010255637733","11.58995952759237","388.1791099789111","382.18489655340966","6.2617291175377385","1333.1985051341344","https://github.com/wmgeolab/geoBoundaries/raw/ea5b27e/releaseData/gbAuthoritative/LSO/ADM2/geoBoundaries-LSO-ADM2-all.zip"
"MDG-ADM0-34885195","Madagascar","MDG","27-09-2014 to 23-04-2021","ADM0","Repoblikan'i Madagasikara","From SALB Data, United Nations, Institut Géographique et Hydrographique National (Foiben-Taosarintanin'I Madagasikara)","UN SALB Data License","","www.unsalb.org/sites/default/files/wysiwyg_uploads/docs_uploads/TermsOfUseSALB2021.pdf","www.unsalb.org/data/mdg","Thu Jan 19 07:31:04 2023","Dec 07, 2023","Africa","Sub-Saharan Africa","Eastern Africa","Low-income Countries","1","18687.0","18687","18687","8699.931495706167","8699.931495706167","8699.931495706167","591766.914779435","591766.914779435","591766.914779435","https://github.com/wmgeolab/geoBoundaries/raw/ea5b27e/releaseData/gbAuthoritative/MDG/ADM0/geoBoundaries-MDG-ADM0-all.zip"
"MDG-ADM1-21051024","Madagascar","MDG","27-09-2014 to 23-04-2021","ADM1","Regions","From SALB Data, United Nations, Institut Géographique et Hydrographique National (Foiben-Taosarintanin'I Madagasikara)","UN SALB Data License","","www.unsalb.org/sites/default/files/wysiwyg_uploads/docs_uploads/TermsOfUseSALB2021.pdf","www.unsalb.org/data/mdg","Thu Jan 19 07:31:04 2023","Dec 07, 2023","Africa","Sub-Saharan Africa","Eastern Africa","Low-income Countries","6","25024.0","16826","29666","3032.129982590913","1527.4191290199751","4825.127456685256","98627.81912990572","43934.65885900922","164420.50826934958","https://github.com/wmgeolab/geoBoundaries/raw/ea5b27e/releaseData/gbAuthoritative/MDG/ADM1/geoBoundaries-MDG-ADM1-all.zip"
"MDG-ADM2-66938377","Madagascar","MDG","27-09-2014 to 23-04-2021","ADM2","Districts","From SALB Data, United Nations, Institut Géographique et Hydrographique National (Foiben-Taosarintanin'I Madagasikara)","UN SALB Data License","","www.unsalb.org/sites/default/files/wysiwyg_uploads/docs_uploads/TermsOfUseSALB2021.pdf","www.unsalb.org/data/mdg","Thu Jan 19 07:31:04 2023","Dec 07, 2023","Africa","Sub-Saharan Africa","Eastern Africa","Low-income Countries","22","12757.0","4876","24875","1357.3108426526467","622.0505706073519","2322.9999466227277","26898.496126337886","6556.980832834322","66805.81064972973","https://github.com/wmgeolab/geoBoundaries/raw/ea5b27e/releaseData/gbAuthoritative/MDG/ADM2/geoBoundaries-MDG-ADM2-all.zip"
"MEX-ADM0-3944174","Mexico","MEX","01-02-2018 to 10-12-2019","ADM0","Mexico","Instituto Nacional de Estadística y Geografía, UNSALB","UN SALB Data License","","github.com/wmgeolab/geoBoundaryBot/blob/main/dta/licenseText/SALB_DataSpecifications_v2.0.pdf","geoportal.un.org/arcgis/sharing/rest/content/items/24785c40ffa646849adceae6c6eb7b00/data","Wed Oct 11 06:18:34 2023","Dec 07, 2023","Latin America and the Caribbean","Latin America and the Caribbean","Central America","Upper-middle-income Countries","1","68996.0","68996","68996","18416.37625325207","18416.37625325207","18416.37625325207","1965090.3567890022","1965090.3567890022","1965090.3567890022","https://github.com/wmgeolab/geoBoundaries/raw/ea5b27e/releaseData/gbAuthoritative/MEX/ADM0/geoBoundaries-MEX-ADM0-all.zip"
"MEX-ADM1-66311278","Mexico","MEX","29-06-2017 to 01-02-2018","ADM1","States","From SALB Data, United Nations, Instituto Nacional de Estadística y Geografía","UN SALB Data License","","github.com/wmgeolab/geoBoundaryBot/blob/main/dta/licenseText/SALB_DataSpecifications_v2.0.pdf","www.unsalb.org/data/mex","Thu Jan 19 07:31:04 2023","Dec 07, 2023","Latin America and the Caribbean","Latin America and the Caribbean","Central America","Upper-middle-income Countries","32","16430.0","2264","48164","1986.8579162782976","213.8122561719723","3810.244138800228","61409.073649656166","1494.593639294747","247428.24364643125","https://github.com/wmgeolab/geoBoundaries/raw/ea5b27e/releaseData/gbAuthoritative/MEX/ADM1/geoBoundaries-MEX-ADM1-all.zip"
"MEX-ADM2-63332970","Mexico","MEX","29-06-2017 to 01-02-2018","ADM2","Municipalities","From SALB Data, United Nations, Instituto Nacional de Estadística y Geografía (INEGI)","UN SALB Data License","","www.unsalb.org/sites/default/files/wysiwyg_uploads/docs_uploads/SALB_DataSpecifications_v2.0_20210601.pdf","www.unsalb.org/data/mex","Thu Jan 19 07:31:04 2023","Dec 07, 2023","Latin America and the Caribbean","Latin America and the Caribbean","Central America","Upper-middle-income Countries","2463","1297.0","24","10430","152.40930745269833","6.4686773406485445","2183.9769103614253","797.8442374295563","2.212457114729448","53100.86036068345","https://github.com/wmgeolab/geoBoundaries/raw/ea5b27e/releaseData/gbAuthoritative/MEX/ADM2/geoBoundaries-MEX-ADM2-all.zip"
"MLI-ADM0-40498862","Mali","MLI","01-01-1993 to 08-12-2003","ADM0","Republic of Mali","From SALB Data, United Nations, Institut Géographique du Mali","UN SALB Data License","","www.unsalb.org/sites/default/files/wysiwyg_uploads/docs_uploads/SALB_DataSpecifications_v2.0_20210601.pdf","www.unsalb.org/data/mli","Thu Jan 19 07:31:04 2023","Dec 07, 2023","Africa","Sub-Saharan Africa","Western Africa","Low-income Countries","1","23051.0","23051","23051","8069.135718494497","8069.135718494497","8069.135718494497","1254742.5288230614","1254742.5288230614","1254742.5288230614","https://github.com/wmgeolab/geoBoundaries/raw/ea5b27e/releaseData/gbAuthoritative/MLI/ADM0/geoBoundaries-MLI-ADM0-all.zip"
"MLI-ADM1-46381963","Mali","MLI","01-01-1993 to 08-12-2003","ADM1","Régions","From SALB Data, United Nations, Institut Géographique du Mali","UN SALB Data License","","www.unsalb.org/sites/default/files/wysiwyg_uploads/docs_uploads/SALB_DataSpecifications_v2.0_20210601.pdf","www.unsalb.org/data/mli","Thu Jan 19 07:31:04 2023","Dec 07, 2023","Africa","Sub-Saharan Africa","Western Africa","Low-income Countries","9","8864.0","68","23195","2103.130519158108","78.86847494193593","3735.9805219853724","139415.83653589562","245.30377319770693","500688.9013982003","https://github.com/wmgeolab/geoBoundaries/raw/ea5b27e/releaseData/gbAuthoritative/MLI/ADM1/geoBoundaries-MLI-ADM1-all.zip"
"MLI-ADM2-45504177","Mali","MLI","01-01-1993 to 08-12-2003","ADM2","Cercles","From SALB Data, United Nations, Institut Géographique du Mali","UN SALB Data License","","www.unsalb.org/sites/default/files/wysiwyg_uploads/docs_uploads/SALB_DataSpecifications_v2.0_20210601.pdf","www.unsalb.org/data/mli","Thu Jan 19 07:31:04 2023","Dec 07, 2023","Africa","Sub-Saharan Africa","Western Africa","Low-income Countries","55","2650.0","39","16948","682.7853443889088","20.317974969578714","2926.77421551648","22813.500524055646","18.474418049427282","331544.31931535073","https://github.com/wmgeolab/geoBoundaries/raw/ea5b27e/releaseData/gbAuthoritative/MLI/ADM2/geoBoundaries-MLI-ADM2-all.zip"
"MNG-ADM0-72412811","Mongolia","MNG","01-01-2002 to 03-11-2019","ADM0","Mongolia","From SALB Data, United Nations, Agency of Land Affairs, Geodesy and Cartography of Mongolia","UN SALB Data License","","www.unsalb.org/sites/default/files/wysiwyg_uploads/docs_uploads/TermsOfUseSALB2021.pdf","www.unsalb.org/data/mng","Thu Jan 19 07:31:04 2023","Dec 07, 2023","Asia","Eastern and South-Eastern Asia","Eastern Asia","Lower-middle-income Countries","1","19931.0","19931","19931","10509.370622127031","10509.370622127031","10509.370622127031","1564875.6817279665","1564875.6817279665","1564875.6817279665","https://github.com/wmgeolab/geoBoundaries/raw/ea5b27e/releaseData/gbAuthoritative/MNG/ADM0/geoBoundaries-MNG-ADM0-all.zip"
"MNG-ADM1-22804332","Mongolia","MNG","01-01-2002 to 03-11-2019","ADM1","province","From SALB Data, United Nations, Agency of Land Affairs, Geodesy and Cartography of Mongolia","UN SALB Data License","","www.unsalb.org/sites/default/files/wysiwyg_uploads/docs_uploads/TermsOfUseSALB2021.pdf","www.unsalb.org/data/mng","Thu Jan 19 07:31:04 2023","Dec 07, 2023","Asia","Eastern and South-Eastern Asia","Eastern Asia","Lower-middle-income Countries","22","10686.0","350","38681","1783.2422455680098","189.35430400977273","2771.5962067501378","71130.71280581666","845.7589387023091","165137.17313479495","https://github.com/wmgeolab/geoBoundaries/raw/ea5b27e/releaseData/gbAuthoritative/MNG/ADM1/geoBoundaries-MNG-ADM1-all.zip"
"MNG-ADM2-50506849","Mongolia","MNG","01-01-2002 to 03-11-2019","ADM2","sum","From SALB Data, United Nations, Agency of Land Affairs, Geodesy and Cartography of Mongolia","UN SALB Data License","","www.unsalb.org/sites/default/files/wysiwyg_uploads/docs_uploads/TermsOfUseSALB2021.pdf","www.unsalb.org/data/mng","Thu Jan 19 07:31:04 2023","Dec 07, 2023","Asia","Eastern and South-Eastern Asia","Eastern Asia","Lower-middle-income Countries","337","2522.0","9","28518","392.3109984146937","20.05532916701442","1137.0254431441708","4643.548016996931","19.35404906697803","28013.618972320128","https://github.com/wmgeolab/geoBoundaries/raw/ea5b27e/releaseData/gbAuthoritative/MNG/ADM2/geoBoundaries-MNG-ADM2-all.zip"
"MOZ-ADM0-84856214","Mozambique","MOZ","06-05-2016 to 06-01-2022","ADM0","Republic of Mozambique","From SALB Data, United Nations, National Remote Sensing & Cartography Center","UN SALB Data License","","www.unsalb.org/sites/default/files/wysiwyg_uploads/docs_uploads/SALB_DataSpecifications_v2.0_20210601.pdf","www.unsalb.org/data/moz","Thu Jan 19 07:31:04 2023","Dec 07, 2023","Africa","Sub-Saharan Africa","Eastern Africa","Low-income Countries","1","79090.0","79090","79090","10874.704292876873","10874.704292876873","10874.704292876873","786922.37745775","786922.37745775","786922.37745775","https://github.com/wmgeolab/geoBoundaries/raw/ea5b27e/releaseData/gbAuthoritative/MOZ/ADM0/geoBoundaries-MOZ-ADM0-all.zip"
"MOZ-ADM1-68661968","Mozambique","MOZ","06-05-2016 to 06-01-2022","ADM1","province and capital city","From SALB Data, United Nations, National Remote Sensing & Cartography Center","UN SALB Data License","","www.unsalb.org/sites/default/files/wysiwyg_uploads/docs_uploads/SALB_DataSpecifications_v2.0_20210601.pdf","www.unsalb.org/data/moz","Thu Jan 19 07:31:04 2023","Dec 07, 2023","Africa","Sub-Saharan Africa","Eastern Africa","Low-income Countries","12","13387.0","1258","29933","1724.9012995298424","202.73366978716825","2287.349181127212","65576.86478810899","347.0339770676131","122420.19304759215","https://github.com/wmgeolab/geoBoundaries/raw/ea5b27e/releaseData/gbAuthoritative/MOZ/ADM1/geoBoundaries-MOZ-ADM1-all.zip"
"MOZ-ADM2-64836732","Mozambique","MOZ","06-05-2016 to 06-01-2022","ADM2","district","From SALB Data, United Nations, National Remote Sensing & Cartography Center","UN SALB Data License","","www.unsalb.org/sites/default/files/wysiwyg_uploads/docs_uploads/SALB_DataSpecifications_v2.0_20210601.pdf","www.unsalb.org/data/moz","Thu Jan 19 07:31:04 2023","Dec 07, 2023","Africa","Sub-Saharan Africa","Eastern Africa","Low-income Countries","158","3478.0","386","20592","408.3327004967637","59.15201937377908","867.9962140468997","4980.521376335128","73.85505803028457","18026.016993287536","https://github.com/wmgeolab/geoBoundaries/raw/ea5b27e/releaseData/gbAuthoritative/MOZ/ADM2/geoBoundaries-MOZ-ADM2-all.zip"
"NER-ADM0-81009564","Niger","NER","08-08-2011 to 07-01-2022","ADM0","Republic of Niger","From SALB Data, United Nations, Ministère de l'Urbanisme et du Logement Institut Géographique National du Niger","UN SALB Data License","","www.unsalb.org/sites/default/files/wysiwyg_uploads/docs_uploads/TermsOfUseSALB2021.pdf","www.unsalb.org/data/ner","Thu Jan 19 07:31:04 2023","Dec 07, 2023","Africa","Sub-Saharan Africa","Western Africa","Low-income Countries","1","9489.0","9489","9489","5973.991514353574","5973.991514353574","5973.991514353574","1182311.5164838189","1182311.5164838189","1182311.5164838189","https://github.com/wmgeolab/geoBoundaries/raw/ea5b27e/releaseData/gbAuthoritative/NER/ADM0/geoBoundaries-NER-ADM0-all.zip"
"NER-ADM1-58402689","Niger","NER","08-08-2011 to 07-01-2022","ADM1","region","From SALB Data, United Nations, Ministère de l'Urbanisme et du Logement Institut Géographique National du Niger","UN SALB Data License","","www.unsalb.org/sites/default/files/wysiwyg_uploads/docs_uploads/TermsOfUseSALB2021.pdf","www.unsalb.org/data/ner","Thu Jan 19 07:31:04 2023","Dec 07, 2023","Africa","Sub-Saharan Africa","Western Africa","Low-income Countries","8","1347.0","73","3514","1653.2759336705233","118.9603650007134","3670.3130270945835","147788.93956053106","556.8673774713088","621207.7159066281","https://github.com/wmgeolab/geoBoundaries/raw/ea5b27e/releaseData/gbAuthoritative/NER/ADM1/geoBoundaries-NER-ADM1-all.zip"
"NER-ADM2-49374352","Niger","NER","08-08-2011 to 07-01-2022","ADM2","department","From SALB Data, United Nations, Ministère de l'Urbanisme et du Logement Institut Géographique National du Niger","UN SALB Data License","","www.unsalb.org/sites/default/files/wysiwyg_uploads/docs_uploads/TermsOfUseSALB2021.pdf","www.unsalb.org/data/ner","Thu Jan 19 07:31:04 2023","Dec 07, 2023","Africa","Sub-Saharan Africa","Western Africa","Low-income Countries","64","258.0","63","1665","548.4402409876415","118.9603650007134","2296.124740421781","18473.617443352","556.8673774713088","277453.93758720387","https://github.com/wmgeolab/geoBoundaries/raw/ea5b27e/releaseData/gbAuthoritative/NER/ADM2/geoBoundaries-NER-ADM2-all.zip"
"NGA-ADM0-2685549","Nigeria","NGA","01-01-2000 to 18-11-2021","ADM0","Nigeria","From SALB Data, United Nations, Office of the Surveyor General of the Federation, Federal Surveys of Nigeria","UN SALB Data License","","www.unsalb.org/sites/default/files/wysiwyg_uploads/docs_uploads/TermsOfUseSALB2021.pdf","www.unsalb.org/data/nga","Thu Jan 19 07:31:04 2023","Dec 07, 2023","Africa","Sub-Saharan Africa","Western Africa","Lower-middle-income Countries","1","16424.0","16424","16424","5930.441189849925","5930.441189849925","5930.441189849925","910292.9556864239","910292.9556864239","910292.9556864239","https://github.com/wmgeolab/geoBoundaries/raw/ea5b27e/releaseData/gbAuthoritative/NGA/ADM0/geoBoundaries-NGA-ADM0-all.zip"
"NGA-ADM1-34183029","Nigeria","NGA","01-01-2000 to 18-11-2021","ADM1","States","From SALB Data, United Nations, Office of the Surveyor General of the Federation, Federal Surveys of Nigeria","UN SALB Data License","","www.unsalb.org/sites/default/files/wysiwyg_uploads/docs_uploads/TermsOfUseSALB2021.pdf","www.unsalb.org/data/nga","Thu Jan 19 07:31:04 2023","Dec 07, 2023","Africa","Sub-Saharan Africa","Western Africa","Lower-middle-income Countries","37","1306.0","53","5304","959.0500752905449","310.2504408013372","2086.112648852949","24602.512315849257","3422.7737679168863","72600.35015644715","https://github.com/wmgeolab/geoBoundaries/raw/ea5b27e/releaseData/gbAuthoritative/NGA/ADM1/geoBoundaries-NGA-ADM1-all.zip"
"NGA-ADM2-73205332","Nigeria","NGA","01-01-2000 to 18-11-2021","ADM2","Local Government Areas","From SALB Data, United Nations, Office of the Surveyor General of the Federation, Federal Surveys of Nigeria","UN SALB Data License","","www.unsalb.org/sites/default/files/wysiwyg_uploads/docs_uploads/TermsOfUseSALB2021.pdf","www.unsalb.org/data/nga","Thu Jan 19 07:31:04 2023","Dec 07, 2023","Africa","Sub-Saharan Africa","Western Africa","Lower-middle-income Countries","774","178.0","16","1630","156.197678222753","12.081941962819386","735.4521599907264","1176.0890900297563","7.445406351876995","11346.73621456901","https://github.com/wmgeolab/geoBoundaries/raw/ea5b27e/releaseData/gbAuthoritative/NGA/ADM2/geoBoundaries-NGA-ADM2-all.zip"
"NZL-ADM0-10906799","New Zealand","NZL","01-01-2015 to 11-01-2015","ADM0","New Zealand","SALB Data, United Nations, Land Information New Zealand & Stats NZ Geographic Data Service","UN SALB Data License","notes on the license (if applicable)","www.unsalb.org/sites/default/files/wysiwyg_uploads/docs_uploads/SALB_DataSpecifications_v2.0_20210601.pdf","www.unsalb.org/data/nzl","Thu Jan 19 07:31:04 2023","Dec 07, 2023","Oceania","Australia/New Zealand","Australia/New Zealand","High-income Countries","1","764596.0","764596","764596","20981.320944139858","20981.320944139858","20981.320944139858","267904.5338444789","267904.5338444789","267904.5338444789","https://github.com/wmgeolab/geoBoundaries/raw/ea5b27e/releaseData/gbAuthoritative/NZL/ADM0/geoBoundaries-NZL-ADM0-all.zip"
"NZL-ADM1-97401147","New Zealand","NZL","01-01-2015 to 11-01-2015","ADM1","Regions","From SALB Data United Nations, National Geospatial Information Authority","UN SALB Data License","","www.unsalb.org/sites/default/files/wysiwyg_uploads/docs_uploads/TermsOfUseSALB2021.pdf","www.unsalb.org/data/nzl","Thu Jan 19 07:31:04 2023","Dec 07, 2023","Oceania","Australia/New Zealand","Australia/New Zealand","High-income Countries","17","52084.0","4297","155578","1808.3037645680736","202.30747764984494","4464.488588553343","15759.090225982476","422.5201564994131","45220.985962354905","https://github.com/wmgeolab/geoBoundaries/raw/ea5b27e/releaseData/gbAuthoritative/NZL/ADM1/geoBoundaries-NZL-ADM1-all.zip"
"NZL-ADM2-66446067","New Zealand","NZL","01-01-2015 to 11-01-2015","ADM2","Districts","From SALB Data, United Nations, National Geospatial Information Authority","UN SALB Data License","","www.unsalb.org/sites/default/files/wysiwyg_uploads/docs_uploads/TermsOfUseSALB2021.pdf","www.unsalb.org/data/nzl","Thu Jan 19 07:31:04 2023","Dec 07, 2023","Oceania","Australia/New Zealand","Australia/New Zealand","High-income Countries","77","13997.0","251","143086","588.0249333560582","29.397006433544423","4337.187568193052","3479.2796602818507","23.59083933830784","30103.017412633217","https://github.com/wmgeolab/geoBoundaries/raw/ea5b27e/releaseData/gbAuthoritative/NZL/ADM2/geoBoundaries-NZL-ADM2-all.zip"
"PHL-ADM0-9978648","Philippines","PHL","28-10-2013 to 13-10-2017","ADM0","the Republic of the Philippines","From SALB Data, United Nations, National Mapping & Resource Information Agency","UN SALB Data License","","www.unsalb.org/sites/default/files/wysiwyg_uploads/docs_uploads/SALB_DataSpecifications_v2.0_20210601.pdf","www.unsalb.org/data/phl","Thu Jan 19 07:31:04 2023","Dec 07, 2023","Asia","Eastern and South-Eastern Asia","South-Eastern Asia","Lower-middle-income Countries","1","225491.0","225491","225491","27357.634504312755","27357.634504312755","27357.634504312755","294954.87028935394","294954.87028935394","294954.87028935394","https://github.com/wmgeolab/geoBoundaries/raw/ea5b27e/releaseData/gbAuthoritative/PHL/ADM0/geoBoundaries-PHL-ADM0-all.zip"
"PHL-ADM1-7486458","Philippines","PHL","13-10-2013 to 13-10-2017","ADM1","region","From SALB Data, United Nations, National Mapping & Resource Information Agency","UN SALB Data License","","www.unsalb.org/sites/default/files/wysiwyg_uploads/docs_uploads/SALB_DataSpecifications_v2.0_20210601.pdf","www.unsalb.org/data/phl","Thu Jan 19 07:31:04 2023","Dec 07, 2023","Asia","Eastern and South-Eastern Asia","South-Eastern Asia","Lower-middle-income Countries","17","14008.0","687","52391","2003.6342376519806","186.17828280141185","5542.1479457914365","17350.286487578625","543.3628102254512","26699.810026449013","https://github.com/wmgeolab/geoBoundaries/raw/ea5b27e/releaseData/gbAuthoritative/PHL/ADM1/geoBoundaries-PHL-ADM1-all.zip"
"PHL-ADM2-13293316","Philippines","PHL","28-10-2013 to 13-10-2017","ADM2","province","From SALB Data, United Nations, National Mapping & Resource Information Agency","UN SALB Data License","","www.unsalb.org/sites/default/files/wysiwyg_uploads/docs_uploads/SALB_DataSpecifications_v2.0_20210601.pdf","www.unsalb.org/data/phl","Thu Jan 19 07:31:04 2023","Dec 07, 2023","Asia","Eastern and South-Eastern Asia","South-Eastern Asia","Lower-middle-income Countries","85","2965.0","143","39622","505.9772481853633","64.86261969527285","3956.1087047050564","3470.0572975644513","143.59447116286367","14299.733216437751","https://github.com/wmgeolab/geoBoundaries/raw/ea5b27e/releaseData/gbAuthoritative/PHL/ADM2/geoBoundaries-PHL-ADM2-all.zip"
"ROU-ADM0-37232815","Romania","ROU","01-01-2017 to 29-08-2017","ADM0","Romania","From SALB Data, United Nations, National Agency for Cadastre and Land Registration of Romania (Agentia Nationala de Cadastru si Publicitate Imobiliara)","UN SALB Data License","","github.com/wmgeolab/geoBoundaryBot/blob/main/dta/licenseText/SALB_DataSpecifications_v2.0.pdf","www.unsalb.org/data/rou","Thu Jan 19 07:31:04 2023","Dec 07, 2023","Europe","Europe and Northern America","Eastern Europe","Upper-middle-income Countries","1","14935.0","14935","14935","3960.22421028652","3960.22421028652","3960.22421028652","238383.10240964443","238383.10240964443","238383.10240964443","https://github.com/wmgeolab/geoBoundaries/raw/ea5b27e/releaseData/gbAuthoritative/ROU/ADM0/geoBoundaries-ROU-ADM0-all.zip"
"ROU-ADM1-2516208","Romania","ROU","01-01-2017 to 29-08-2017","ADM1","County","From SALB Data, United Nations, Romanian Government","UN SALB Data License","Found Terms and Conditions for UN SLAB on their website; not a typical license page","github.com/wmgeolab/geoBoundaryBot/blob/main/dta/licenseText/SALB_DataSpecifications_v2.0.pdf","www.unsalb.org/data/rou","Thu Jan 19 07:31:04 2023","Dec 07, 2023","Europe","Europe and Northern America","Eastern Europe","Upper-middle-income Countries","42","798.0","104","2670","639.4924442914269","117.50596631720384","894.9176862549936","5675.788152568489","240.51796450836727","8688.604748572801","https://github.com/wmgeolab/geoBoundaries/raw/ea5b27e/releaseData/gbAuthoritative/ROU/ADM1/geoBoundaries-ROU-ADM1-all.zip"
"SEN-ADM0-90481962","Senegal","SEN","01-01-2000 to 17-08-2021","ADM0","République du Sénégal","From SALB Data, United Nations, Agence Nationale de l'Aménagement du Territoire","UN SALB Data License","","www.unsalb.org/sites/default/files/wysiwyg_uploads/docs_uploads/SALB_DataSpecifications_v2.0_20210601.pdf","www.unsalb.org/data/sen","Thu Jan 19 07:31:04 2023","Dec 07, 2023","Africa","Sub-Saharan Africa","Western Africa","Low-income Countries","1","10037.0","10037","10037","3497.3718669592604","3497.3718669592604","3497.3718669592604","196797.2367347149","196797.2367347149","196797.2367347149","https://github.com/wmgeolab/geoBoundaries/raw/ea5b27e/releaseData/gbAuthoritative/SEN/ADM0/geoBoundaries-SEN-ADM0-all.zip"
"SEN-ADM1-14128327","Senegal","SEN","01-01-2000 to 17-08-2021","ADM1","region","From SALB Data, United Nations, Agence Nationale de l'Aménagement du Territoire","UN SALB Data License","","www.unsalb.org/sites/default/files/wysiwyg_uploads/docs_uploads/SALB_DataSpecifications_v2.0_20210601.pdf","www.unsalb.org/data/sen","Thu Jan 19 07:31:04 2023","Dec 07, 2023","Africa","Sub-Saharan Africa","Western Africa","Low-income Countries","14","1782.0","367","5510","668.3558185659873","156.6200025219288","1426.7461979178813","14056.945481051034","537.4611878139079","42697.54816610936","https://github.com/wmgeolab/geoBoundaries/raw/ea5b27e/releaseData/gbAuthoritative/SEN/ADM1/geoBoundaries-SEN-ADM1-all.zip"
"SEN-ADM2-41758775","Senegal","SEN","01-01-2000 to 17-08-2021","ADM2","department","From SALB Data, United Nations, Agence Nationale de l'Aménagement du Territoire","UN SALB Data License","","www.unsalb.org/sites/default/files/wysiwyg_uploads/docs_uploads/SALB_DataSpecifications_v2.0_20210601.pdf","www.unsalb.org/data/sen","Thu Jan 19 07:31:04 2023","Dec 07, 2023","Africa","Sub-Saharan Africa","Western Africa","Low-income Countries","45","951.0","80","5453","342.2182179607185","22.32905276155267","1109.3250109928424","4373.27192743137","12.676601616694118","16020.343564871973","https://github.com/wmgeolab/geoBoundaries/raw/ea5b27e/releaseData/gbAuthoritative/SEN/ADM2/geoBoundaries-SEN-ADM2-all.zip"
"SWZ-ADM0-90881752","Eswatini","SWZ","01-06-2017 to 13-09-2019","ADM0","Eswatini","From SALB Data, United Nations, Surveyor General's Department, Ministry of Natural Resources and Environment","UN SALB Data License","","www.unsalb.org/sites/default/files/wysiwyg_uploads/docs_uploads/TermsOfUseSALB2021.pdf","www.unsalb.org/data/swz","Thu Jan 19 07:31:04 2023","Dec 08, 2023","Africa","Sub-Saharan Africa","Southern Africa","Lower-middle-income Countries","1","689.0","689","689","578.1980134039067","578.1980134039067","578.1980134039067","17369.61704670203","17369.61704670203","17369.61704670203","https://github.com/wmgeolab/geoBoundaries/raw/ea5b27e/releaseData/gbAuthoritative/SWZ/ADM0/geoBoundaries-SWZ-ADM0-all.zip"
"SWZ-ADM1-27573638","Eswatini","SWZ","01-01-2017 to 01-09-2019","ADM1","Region","UN SALB, GeoBoundaries","UN SALB Data License","","www.unsalb.org/sites/default/files/wysiwyg_uploads/docs_uploads/TermsOfContributionSALB2021.pdf","www.unsalb.org/data/swz","Thu Jan 19 07:31:04 2023","Dec 07, 2023","Africa","Sub-Saharan Africa","Southern Africa","Lower-middle-income Countries","4","7574.0","3951","12514","438.86601201801875","351.24567139547827","474.3036653481468","4342.404261732144","3611.243352673112","5690.378429264084","https://github.com/wmgeolab/geoBoundaries/raw/ea5b27e/releaseData/gbAuthoritative/SWZ/ADM1/geoBoundaries-SWZ-ADM1-all.zip"
"SWZ-ADM2-17697081","Eswatini","SWZ","01-06-2017 to 13-09-2019","ADM2","inkhundla","From SALB Data, United Nations, Surveyor General's Department, Ministry of Natural Resources and Environment","UN SALB Data License","","www.unsalb.org/sites/default/files/wysiwyg_uploads/docs_uploads/TermsOfUseSALB2021.pdf","www.unsalb.org/data/swz","Thu Jan 19 07:31:04 2023","Dec 07, 2023","Africa","Sub-Saharan Africa","Southern Africa","Lower-middle-income Countries","59","1774.0","152","3636","106.18192413416484","32.48853835581627","216.56659274191674","294.4002889309928","25.864788505260556","840.1639301528129","https://github.com/wmgeolab/geoBoundaries/raw/ea5b27e/releaseData/gbAuthoritative/SWZ/ADM2/geoBoundaries-SWZ-ADM2-all.zip"
"TGO-ADM0-53867371","Togo","TGO","29-06-2017 to 25-10-2021","ADM0","République Togolaise","From SALB Data, United Nations, Direction générale de la Cartographie, Togo","UN SALB Data License","","www.unsalb.org/sites/default/files/wysiwyg_uploads/docs_uploads/SALB_DataSpecifications_v2.0_20210601.pdf","www.unsalb.org/data/tgo","Thu Jan 19 07:31:04 2023","Dec 07, 2023","Africa","Sub-Saharan Africa","Western Africa","Low-income Countries","1","10753.0","10753","10753","1844.265438191712","1844.265438191712","1844.265438191712","56671.01087128708","56671.01087128708","56671.01087128708","https://github.com/wmgeolab/geoBoundaries/raw/ea5b27e/releaseData/gbAuthoritative/TGO/ADM0/geoBoundaries-TGO-ADM0-all.zip"
"TGO-ADM1-10022992","Togo","TGO","29-06-2017 to 25-10-2021","ADM1","Regions","From SALB Data, United Nations, Direction générale de la Cartographie, Togo","UN SALB Data License","","www.unsalb.org/sites/default/files/wysiwyg_uploads/docs_uploads/SALB_DataSpecifications_v2.0_20210601.pdf","www.unsalb.org/data/tgo","Thu Jan 19 07:31:04 2023","Dec 07, 2023","Africa","Sub-Saharan Africa","Western Africa","Low-income Countries","5","2507.0","1586","5281","603.9510509204785","435.7095555835162","716.5173767630876","11334.202174257425","6371.427713682331","16965.985819140777","https://github.com/wmgeolab/geoBoundaries/raw/ea5b27e/releaseData/gbAuthoritative/TGO/ADM1/geoBoundaries-TGO-ADM1-all.zip"
"TGO-ADM2-43303699","Togo","TGO","29-06-2017 to 25-10-2021","ADM2","Prefectures","From SALB Data, United Nations, Direction générale de la Cartographie, Togo","UN SALB Data License","","www.unsalb.org/sites/default/files/wysiwyg_uploads/docs_uploads/SALB_DataSpecifications_v2.0_20210601.pdf","www.unsalb.org/data/tgo","Thu Jan 19 07:31:04 2023","Dec 07, 2023","Africa","Sub-Saharan Africa","Western Africa","Low-income Countries","39","529.0","101","2157","199.0401933007614","66.43403725922482","341.48731744292337","1453.1028428535149","193.27167367920492","3543.463966264239","https://github.com/wmgeolab/geoBoundaries/raw/ea5b27e/releaseData/gbAuthoritative/TGO/ADM2/geoBoundaries-TGO-ADM2-all.zip"
"ZAF-ADM0-95570033","South Africa","ZAF","24-08-2018 to 25-06-2019","ADM0","the Republic of South Africa","From SALB Data, United Nations, Surveys and Mapping of South Africa","UN SALB Data License","","www.unsalb.org/sites/default/files/wysiwyg_uploads/docs_uploads/SALB_DataSpecifications_v2.0_20210601.pdf","www.unsalb.org/data/zaf","Thu Jan 19 07:31:04 2023","Dec 07, 2023","Africa","Sub-Saharan Africa","Southern Africa","Upper-middle-income Countries","1","241307.0","241307","241307","9778.258039849938","9778.258039849938","9778.258039849938","1220769.561362921","1220769.561362921","1220769.561362921","https://github.com/wmgeolab/geoBoundaries/raw/ea5b27e/releaseData/gbAuthoritative/ZAF/ADM0/geoBoundaries-ZAF-ADM0-all.zip"
"ZAF-ADM1-6127900","South Africa","ZAF","24-08-2018 to 25-06-2019","ADM1","Province","From SALB Data, United Nations, Surveys and Mapping of South Africa","UN SALB Data License","","www.unsalb.org/sites/default/files/wysiwyg_uploads/docs_uploads/SALB_DataSpecifications_v2.0_20210601.pdf","www.unsalb.org/data/zaf","Thu Jan 19 07:31:04 2023","Dec 07, 2023","Africa","Sub-Saharan Africa","Southern Africa","Upper-middle-income Countries","10","40756.0","5687","80689","2783.1165871847093","1220.8918816779926","5338.0348657638515","122076.95613639723","18178.30789023355","372876.22571756423","https://github.com/wmgeolab/geoBoundaries/raw/ea5b27e/releaseData/gbAuthoritative/ZAF/ADM1/geoBoundaries-ZAF-ADM1-all.zip"
"ZAF-ADM2-65793867","South Africa","ZAF","24-08-2018 to 25-06-2019","ADM2","Metropolitan and District Municipality","From SALB Data, United Nations, Surveys and Mapping of South Africa","UN SALB Data License","","www.unsalb.org/sites/default/files/wysiwyg_uploads/docs_uploads/SALB_DataSpecifications_v2.0_20210601.pdf","www.unsalb.org/data/zaf","Thu Jan 19 07:31:04 2023","Dec 07, 2023","Africa","Sub-Saharan Africa","Southern Africa","Upper-middle-income Countries","52","13417.0","1596","46729","1117.1451075086661","312.9689904426288","3191.650697379524","23476.337718421324","1642.6259953706922","126807.49762503065","https://github.com/wmgeolab/geoBoundaries/raw/ea5b27e/releaseData/gbAuthoritative/ZAF/ADM2/geoBoundaries-ZAF-ADM2-all.zip"
"ZMB-ADM0-49170540","Zambia","ZMB","01-01-2017 to 11-01-2021","ADM0","Republic of Zambia","From SALB Data, United Nations, Zambia Survey Department","UN SALB Data License","","www.unsalb.org/sites/default/files/wysiwyg_uploads/docs_uploads/SALB_DataSpecifications_v2.0_20210601.pdf","www.unsalb.org/data/zmb","Thu Jan 19 07:31:04 2023","Dec 07, 2023","Africa","Sub-Saharan Africa","Eastern Africa","Lower-middle-income Countries","1","18747.0","18747","18747","6321.208225191022","6321.208225191022","6321.208225191022","750912.7994315266","750912.7994315266","750912.7994315266","https://github.com/wmgeolab/geoBoundaries/raw/ea5b27e/releaseData/gbAuthoritative/ZMB/ADM0/geoBoundaries-ZMB-ADM0-all.zip"
"ZMB-ADM1-75767436","Zambia","ZMB","01-01-2017 to 22-03-2021","ADM1","Unknown","Zambia Survey Department, UNSALB","UN SALB Data License","","github.com/wmgeolab/geoBoundaryBot/blob/main/dta/licenseText/SALB_DataSpecifications_v2.0.pdf","salb.un.org/en/data/zmb","Wed Oct 11 06:18:34 2023","Dec 07, 2023","Africa","Sub-Saharan Africa","Eastern Africa","Lower-middle-income Countries","10","20802.0","9325","35803","1948.0877485722253","1116.092723028823","3055.9740217266963","75091.29546810893","23480.164480040366","127360.51012221546","https://github.com/wmgeolab/geoBoundaries/raw/ea5b27e/releaseData/gbAuthoritative/ZMB/ADM1/geoBoundaries-ZMB-ADM1-all.zip"
"ZMB-ADM2-41739797","Zambia","ZMB","01-01-2017 to 11-01-2021","ADM2","district","From SALB Data, United Nations, Zambia Survey Department","UN SALB Data License","","www.unsalb.org/sites/default/files/wysiwyg_uploads/docs_uploads/SALB_DataSpecifications_v2.0_20210601.pdf","www.unsalb.org/data/zmb","Thu Jan 19 07:31:04 2023","Dec 07, 2023","Africa","Sub-Saharan Africa","Eastern Africa","Lower-middle-income Countries","115","6948.0","570","45446","513.9222218618398","116.5707790026627","1219.8833973800495","6529.6765168077745","418.85315096622986","21877.23061398928","https://github.com/wmgeolab/geoBoundaries/raw/ea5b27e/releaseData/gbAuthoritative/ZMB/ADM2/geoBoundaries-ZMB-ADM2-all.zip"
"ZWE-ADM0-80915042","Zimbabwe","ZWE","01-01-2000 to 01-01-2004","ADM0","Republic of Zimbabwe","From SALB Data, United Nations, Department of the Surveyor General","UN SALB Data License","","www.unsalb.org/sites/default/files/wysiwyg_uploads/docs_uploads/SALB_DataSpecifications_v2.0_20210601.pdf","www.unsalb.org/data/zwe","Thu Jan 19 07:31:04 2023","Dec 07, 2023","Africa","Sub-Saharan Africa","Eastern Africa","Low-income Countries","1","9434.0","9434","9434","3282.85289193658","3282.85289193658","3282.85289193658","391047.6173544489","391047.6173544489","391047.6173544489","https://github.com/wmgeolab/geoBoundaries/raw/ea5b27e/releaseData/gbAuthoritative/ZWE/ADM0/geoBoundaries-ZWE-ADM0-all.zip"
"ZWE-ADM1-48678293","Zimbabwe","ZWE","01-01-2000 to 01-01-2004","ADM1","Provinces","From SALB Data, United Nations, Department of the Surveyor General","UN SALB Data License","","www.unsalb.org/sites/default/files/wysiwyg_uploads/docs_uploads/SALB_DataSpecifications_v2.0_20210601.pdf","www.unsalb.org/data/zwe","Thu Jan 19 07:31:04 2023","Dec 08, 2023","Africa","Sub-Saharan Africa","Eastern Africa","Low-income Countries","11","2037.0","153","3948","1291.5045321066204","121.29449302525595","2106.428921699589","35549.78339604148","458.31509148354075","74508.49872392564","https://github.com/wmgeolab/geoBoundaries/raw/ea5b27e/releaseData/gbAuthoritative/ZWE/ADM1/geoBoundaries-ZWE-ADM1-all.zip"
"ZWE-ADM2-14886892","Zimbabwe","ZWE","01-01-2000 to 01-01-2004","ADM2","Districts","From SALB Data, United Nations, Department of the Surveyor General","UN SALB Data License","","www.unsalb.org/sites/default/files/wysiwyg_uploads/docs_uploads/SALB_DataSpecifications_v2.0_20210601.pdf","www.unsalb.org/data/zwe","Thu Jan 19 07:31:04 2023","Dec 07, 2023","Africa","Sub-Saharan Africa","Eastern Africa","Low-income Countries","60","661.0","111","2185","472.6993285889939","121.29449304781494","1384.1258182448664","6517.4602892456915","458.3150913068869","29837.846856757158","https://github.com/wmgeolab/geoBoundaries/raw/ea5b27e/releaseData/gbAuthoritative/ZWE/ADM2/geoBoundaries-ZWE-ADM2-all.zip"
