boundaryID,Country,boundaryISO,boundaryYear,boundaryType,boundaryCanonical,boundarySource-1,boundarySource-2,boundaryLicense,licenseDetail,licenseSource,boundarySourceURL,sourceDataUpdateDate,buildUpdateDate,Continent,UNSDG-region,UNSDG-subregion,worldBankIncomeGroup,apiURL,admUnitCount,meanVertices,minVertices,maxVertices,meanPerimeterLengthKM,minPerimeterLengthKM,maxPerimeterLengthKM,meanAreaSqKM,minAreaSqKM,maxAreaSqKM,
"GIN-ADM3-62807714","Guinea","GIN","2016","ADM3","Prefectures","World Food Programme","International Organization on Migration","Other - Humanitarian","Humanitarian use only - Noted in metadata tab","https//data.humdata.org/dataset/guinea-geodatabase","https//data.humdata.org/dataset/guinea-geodatabase","Oct 28, 2020","Apr 05, 2021","Africa","Sub-Saharan Africa","Western Africa","Low-income Countries","https://www.geoboundaries.org/gbRequest.html?gbID=GIN-ADM3-62807714","340","77.0","8","624","124.05153324990178","11.770049471313122","492.32339512921385","719.4135239278188","4.479010839849182","3621.379150468266",""
"GIN-ADM1-69089804","Guinea","GIN","2016","ADM1","Region","geoBoundaries","World Food Programme","Other - Humanitarian","Humanitarian use only - Noted in metadata tab","https//data.humdata.org/dataset/guinea-geodatabase","https//data.humdata.org/dataset/guinea-geodatabase","Nov 02, 2020","Apr 05, 2021","Africa","Sub-Saharan Africa","Western Africa","Low-income Countries","https://www.geoboundaries.org/gbRequest.html?gbID=GIN-ADM1-69089804","8","1077.0","408","1503","1332.4196136886287","148.2313968527628","2136.872971374901","30575.074766932317","402.64274534291997","71735.61996384709",""
"GIN-ADM0-13198243","Guinea","GIN","2019","ADM0","Guinea","geoBoundaries","World Food Programme","Other - Humanitarian","","https//data.humdata.org/dataset/guinea-geodatabase","https//data.humdata.org/dataset/guinea-geodatabase","Nov 11, 2020","Apr 05, 2021","Africa","Sub-Saharan Africa","Western Africa","Low-income Countries","https://www.geoboundaries.org/gbRequest.html?gbID=GIN-ADM0-13198243","1","5118.0","5118","5118","4946.37404123567","4946.37404123567","4946.37404123567","244600.59813258296","244600.59813258296","244600.59813258296",""
"GIN-ADM2-2321375","Guinea","GIN","2016","ADM2","Prefectures","World Food Programme","Derived from ADM3 layer","Other - Humanitarian","Humanitarian use only - Noted in metadata tab","https//data.humdata.org/dataset/guinea-geodatabase","https//data.humdata.org/dataset/guinea-geodatabase","Oct 31, 2020","Apr 05, 2021","Africa","Sub-Saharan Africa","Western Africa","Low-income Countries","https://www.geoboundaries.org/gbRequest.html?gbID=GIN-ADM2-2321375","34","393.0","109","1503","498.73178290991444","148.2313968527628","1030.9039647463155","7194.135239278189","402.64274534291997","17648.547892690327",""
"GUY-ADM2-2822349","Guyana","GUY","2002","ADM2","Neighborhood Councils","OCHA ROSEA/HDX","","Other - Humanitarian","Other - Humanitarian","https//data.humdata.org/dataset/guyana-administrative-level-0-1-and-2-boundaries","https//data.world/ocha-fiss/9647d5cc-9de9-4974-a8be-62fb12c19ffe","Oct 28, 2020","Apr 07, 2021","Latin America and the Caribbean","Latin America and the Caribbean","South America","Upper-middle-income Countries","https://www.geoboundaries.org/gbRequest.html?gbID=GUY-ADM2-2822349","27","321.0","71","766","436.0539925239255","89.29310711648736","1241.7947987151965","7794.046208113324","229.71741222545035","33159.99175944364",""
"BGD-ADM3-7024710","Bangladesh","BGD","2015","ADM3","upazila","HDX","OCHA","Other - Humanitarian","Humanitarian use only - Noted in metadata tab","https//data.humdata.org/dataset/administrative-boundaries-of-bangladesh-as-of-2015","https//data.humdata.org/dataset/administrative-boundaries-of-bangladesh-as-of-2015","Dec 17, 2020","Apr 16, 2021","Asia","Central and Southern Asia","Southern Asia","Lower-middle-income Countries","https://www.geoboundaries.org/gbRequest.html?gbID=BGD-ADM3-7024710","544","5226.0","110","15202","120.87722749528818","4.370976985328535","1057.403277150446","257.07106078844845","0.7612893468718209","1616.12275451873",""
"CIV-ADM3-67098797","Côte d'Ivoire","CIV","2019","ADM3","Department","ComitÃÂ© National de TÃÂ©lÃÂ©dÃÂ©tection et d'Information GÃÂ©ographique (CNTIG)","United Nations Office for the Coordination of Humanitarian Affairs Cote d'Ivoire","Other - Humanitarian","Humanitarian use only","https//data.humdata.org/dataset/cote-d-ivoire-administrative-level-0-3-boundaries-and-points","https//data.humdata.org/dataset/cote-d-ivoire-administrative-level-0-3-boundaries-and-points","Oct 23, 2020","Apr 05, 2021","Africa","Sub-Saharan Africa","Western Africa","Lower-middle-income Countries","https://www.geoboundaries.org/gbRequest.html?gbID=CIV-ADM3-67098797","108","971.0","170","2615","308.11606868026695","93.61894135685044","739.1928645657268","2977.852662767238","385.08977201485436","14409.808251500723",""
"CIV-ADM1-2319937","Côte d'Ivoire","CIV","2016","ADM1","District/Autonomous City","ComitÃÂ© National de TÃÂ©lÃÂ©dÃÂ©tection et d'Information GÃÂ©ographique (CNTIG)","United Nations Office for the Coordination of Humanitarian Affairs Cote d'Ivoire","Other - Humanitarian","Humanitarian use only - Noted in metadata tab","https//data.humdata.org/dataset/cote-d-ivoire-administrative-level-0-3-boundaries-and-points","https//data.humdata.org/dataset/cote-d-ivoire-administrative-level-0-3-boundaries-and-points","Oct 28, 2020","Apr 02, 2021","Africa","Sub-Saharan Africa","Western Africa","Lower-middle-income Countries","https://www.geoboundaries.org/gbRequest.html?gbID=CIV-ADM1-2319937","14","3080.0","869","5855","1003.732775281045","225.06174429740193","1771.113302583058","22972.006255632987","2069.3624363660406","40092.42406713537",""
"CIV-ADM0-57012117","Côte d'Ivoire","CIV","2016","ADM0","Côte d'Ivoire","ComitÃÂ© National de TÃÂ©lÃÂ©dÃÂ©tection et d'Information GÃÂ©ographique (CNTIG)","United Nations Office for the Coordination of Humanitarian Affairs Cote d'Ivoire","Other - Humanitarian","Humanitarian use only - Noted in metadata tab","https//data.humdata.org/dataset/cote-d-ivoire-administrative-level-0-3-boundaries-and-points","https//data.humdata.org/dataset/cote-d-ivoire-administrative-level-0-3-boundaries-and-points","Oct 23, 2020","Apr 05, 2021","Africa","Sub-Saharan Africa","Western Africa","Lower-middle-income Countries","https://www.geoboundaries.org/gbRequest.html?gbID=CIV-ADM0-57012117","1","7608.0","7608","7608","3788.0339959765","3788.0339959765","3788.0339959765","321608.0875788618","321608.0875788618","321608.0875788618",""
"CIV-ADM2-77406652","Côte d'Ivoire","CIV","2019","ADM2","Region","ComitÃÂ© National de TÃÂ©lÃÂ©dÃÂ©tection et d'Information GÃÂ©ographique (CNTIG)","United Nations Office for the Coordination of Humanitarian Affairs Cote d'Ivoire","Other - Humanitarian","Humanitarian use only","https//data.humdata.org/dataset/cote-d-ivoire-administrative-level-0-3-boundaries-and-points","https//data.humdata.org/dataset/cote-d-ivoire-administrative-level-0-3-boundaries-and-points","Oct 23, 2020","Apr 05, 2021","Africa","Sub-Saharan Africa","Western Africa","Lower-middle-income Countries","https://www.geoboundaries.org/gbRequest.html?gbID=CIV-ADM2-77406652","33","1982.0","869","3675","629.3215074642245","225.06174429740193","1048.7507447535656","9745.699623601871","2069.3624363660465","22078.228670448312",""
"AGO-ADM0-52156902","Angola","AGO","2017","ADM0","Republic of Angola","geoBoundaries","Humdata - OCHA Regional Office for Southern and Eastern Africa (ROSEA)","Other - Humanitarian","","https//data.humdata.org/dataset/angola-administrative-levels-0-3","https//data.humdata.org/dataset/angola-administrative-levels-0-3","Nov 11, 2020","Apr 02, 2021","Africa","Sub-Saharan Africa","Middle Africa","Lower-middle-income Countries","https://www.geoboundaries.org/gbRequest.html?gbID=AGO-ADM0-52156902","1","63624.0","63624","63624","8185.538774805866","8185.538774805866","8185.538774805866","1247682.0780391637","1247682.0780391637","1247682.0780391637",""
"NGA-ADM1-52928470","Nigeria","NGA","2016","ADM1","State","Second Administrative Level Boundaries (SALB)","United Nations Office for the Coordination of Humanitarian Affairs Nigeria","Other - Direct Permission","Free to copy and redistribute for operational purpose only","https//data.humdata.org/dataset/nigeria-admin-level-0-1-and-2-administrative-boundaries","https//data.humdata.org/dataset/nigeria-admin-level-0-1-and-2-administrative-boundaries","Oct 25, 2020","Apr 08, 2021","Africa","Sub-Saharan Africa","Western Africa","Lower-middle-income Countries","https://www.geoboundaries.org/gbRequest.html?gbID=NGA-ADM1-52928470","37","967.0","53","2536","945.7211347248401","310.25044090193745","2082.3572473212284","24604.162881401367","3689.43864875451","72600.75272844052",""
"NGA-ADM0-10900465","Nigeria","NGA","2016","ADM0","Country","Second Administrative Level Boundaries (SALB)","United Nations Office for the Coordination of Humanitarian Affairs Nigeria","Other - Humanitarian","Humanitarian use only","https//data.humdata.org/dataset/nga-administrative-boundaries","https//data.humdata.org/dataset/nga-administrative-boundaries","Oct 16, 2020","Apr 08, 2021","Africa","Sub-Saharan Africa","Western Africa","Lower-middle-income Countries","https://www.geoboundaries.org/gbRequest.html?gbID=NGA-ADM0-10900465","1","3714.0","3714","3714","5352.605195432001","5352.605195432001","5352.605195432001","910354.0266118518","910354.0266118518","910354.0266118518",""
"NGA-ADM2-68328809","Nigeria","NGA","2016","ADM2","Local Government Areas","Second Administrative Level Boundaries (SALB)","United Nations Office for the Coordination of Humanitarian Affairs Nigeria","Other - Direct Permission","Free to copy and redistribute for operational purpose only - Noted in metadata tab","https//data.humdata.org/dataset/nigeria-admin-level-0-1-and-2-administrative-boundaries","https//data.humdata.org/dataset/nigeria-admin-level-0-1-and-2-administrative-boundaries","Nov 02, 2020","Apr 08, 2021","Africa","Sub-Saharan Africa","Western Africa","Lower-middle-income Countries","https://www.geoboundaries.org/gbRequest.html?gbID=NGA-ADM2-68328809","773","161.0","16","759","155.9227178789619","12.63765165717077","735.4521599690256","1177.6895557711682","9.7645735175326","11211.812844813576",""
"MOZ-ADM3-84547512","Mozambique","MOZ","2017","ADM3","Posto","World Food Programme, INE","United Nations Office for the Coordination of Humanitarian Affairs Regional Office for Southern Africa (ROSA)","Other - Humanitarian","Humanitarian use only - Noted in metadata tab","https//data.humdata.org/dataset/mozambique-administrative-levels-0-3","https//data.humdata.org/dataset/mozambique-administrative-levels-0-3","Nov 02, 2020","Apr 08, 2021","Africa","Sub-Saharan Africa","Eastern Africa","Low-income Countries","https://www.geoboundaries.org/gbRequest.html?gbID=MOZ-ADM3-84547512","409","1995.0","65","12181","238.07086243193945","12.692580745858768","629.2345159709917","1924.4882420390334","8.39262792941218","12080.18085979997",""
"MOZ-ADM2-36505486","Mozambique","MOZ","2019","ADM2","district","World Food Programme, INE","Derived from ADM3 layer","Other - Humanitarian","Humanitarian use only - Noted in metadata tab","https//data.humdata.org/dataset/mozambique-administrative-levels-0-3","https//data.humdata.org/dataset/mozambique-administrative-levels-0-3","Oct 28, 2020","Apr 08, 2021","Africa","Sub-Saharan Africa","Eastern Africa","Low-income Countries","https://www.geoboundaries.org/gbRequest.html?gbID=MOZ-ADM2-36505486","159","3481.0","65","20592","404.87051992811865","12.692191753761604","867.9815633269341","4950.221477548264","8.392365395743195","18015.45049760731",""
"GHA-ADM1-15591068","Ghana","GHA","2015","ADM1","Region","Global Administrative Unit Layers (GAUL)","United Nations Office for the Coordination of Humanitarian Affairs Regional Office for West and Central Africa (ROWCA)","Other - Humanitarian","Humanitarian use only - Noted in metadata tab","https//data.humdata.org/dataset/ghana-administrative-boundaries","https//data.humdata.org/dataset/ghana-administrative-boundaries","Nov 16, 2020","Apr 05, 2021","Africa","Sub-Saharan Africa","Western Africa","Lower-middle-income Countries","https://www.geoboundaries.org/gbRequest.html?gbID=GHA-ADM1-15591068","10","9575.0","843","24195","1036.5124963301646","381.1752419367998","1851.8899251697903","23876.070223028782","3670.7035341893375","69858.96154813666",""
"GHA-ADM0-10254173","Ghana","GHA","2005","ADM0","Republic of Ghana","Global Administrative Unit Layers (GAUL)","HDX","Other - Humanitarian","Humanitarian use only - Noted in metadata tab","https//data.humdata.org/dataset/ghana-administrative-boundaries","https//data.humdata.org/dataset/ghana-administrative-boundaries","Jan 05, 2021","Apr 05, 2021","Africa","Sub-Saharan Africa","Western Africa","Lower-middle-income Countries","https://www.geoboundaries.org/gbRequest.html?gbID=GHA-ADM0-10254173","1","2348.0","2348","2348","2716.9975647996357","2716.9975647996357","2716.9975647996357","238760.70227045286","238760.70227045286","238760.70227045286",""
"GHA-ADM2-42136566","Ghana","GHA","2006","ADM2","District","Global Administrative Unit Layers (GAUL)","United Nations Office for the Coordination of Humanitarian Affairs Regional Office for West and Central Africa (ROWCA)","Other - Humanitarian","Humanitarian use only - Noted in metadata tab","https//data.humdata.org/dataset/ghana-administrative-boundaries","https//data.humdata.org/dataset/ghana-administrative-boundaries","Nov 16, 2020","Apr 05, 2021","Africa","Sub-Saharan Africa","Western Africa","Lower-middle-income Countries","https://www.geoboundaries.org/gbRequest.html?gbID=GHA-ADM2-42136566","139","1764.0","33","13373","216.46694290601704","51.752323379801986","826.1672047770013","1717.7028936533316","121.80074828750028","9481.458741686578",""
"MDG-ADM3-88345793","Madagascar","MDG","2017","ADM3","Commune","United Nations Office for the Coordination of Humanitarian Affairs ROSA","","Other - Humanitarian","Humanitarian use only - Noted in metadata tab","https//data.humdata.org/dataset/madagascar-administrative-level-0-4-boundaries","https//data.humdata.org/dataset/madagascar-administrative-level-0-4-boundaries","Oct 12, 2020","Apr 07, 2021","Africa","Sub-Saharan Africa","Eastern Africa","Low-income Countries","https://www.geoboundaries.org/gbRequest.html?gbID=MDG-ADM3-88345793","1577","930.0","23","35253","97.70492662611613","5.509029800216822","445.4425736508992","375.5184419052831","1.2496779487735732","4171.1980668306205",""
"MDG-ADM2-25024240","Madagascar","MDG","2017","ADM2","District","United Nations Office for the Coordination of Humanitarian Affairs ROSA","","Other - Humanitarian","Humanitarian use only - Noted in metadata tab","https//data.humdata.org/dataset/madagascar-administrative-level-0-4-boundaries","https//data.humdata.org/dataset/madagascar-administrative-level-0-4-boundaries","Nov 02, 2020","Apr 07, 2021","Africa","Sub-Saharan Africa","Eastern Africa","Low-income Countries","https://www.geoboundaries.org/gbRequest.html?gbID=MDG-ADM2-25024240","119","5444.0","394","99934","440.84960183126634","16.367891817388585","1186.5210689424484","4976.408259534716","7.003626747639494","17191.453201939417",""
"CAF-ADM3-67633330","Central African Republic","CAF","2017","ADM3","Central African Republic","geoBoundaries","HDX","Open Data Commons Attribution License 1.0","METADATA ERROR","International Organization for Migration","https//data.humdata.org/dataset/car-administrative-boundaries-4-levels#","Nov 03, 2020","Apr 05, 2021","Africa","Sub-Saharan Africa","Middle Africa","Low-income Countries","https://www.geoboundaries.org/gbRequest.html?gbID=CAF-ADM3-67633330","176","503.0","4","3395","277.9488918113571","3.164643497474334","1289.9274033388365","3521.086647651342","0.005718075754216828","41326.38173084843",""
"CAF-ADM1-8809619","Central African Republic","CAF","2017","ADM1","prefecture and autonomous commune","geoBoundaries","HDX / International Organization for Migration (IOM), Displacement Tracking Matrix (DTM)","Other - Humanitarian","The Materials may be viewed, downloaded, and printed for non-commercial use only, without, inter alia, any right to sell, resell, redistribute or create derivative works therefrom. At all times the User shall credit the DTM as the source, unless otherwise stated.","https//data.humdata.org/dataset/car-administrative-boundaries-4-levels#","https//data.humdata.org/dataset/car-administrative-boundaries-4-levels#","Dec 14, 2020","Apr 05, 2021","Africa","Sub-Saharan Africa","Middle Africa","Low-income Countries","https://www.geoboundaries.org/gbRequest.html?gbID=CAF-ADM1-8809619","17","1529.0","367","8907","1074.8026403476954","57.97276330341926","2119.5908163416716","36453.67285520087","69.1225147561176","86048.73009282451",""
"CAF-ADM0-5022529","Central African Republic","CAF","2017","ADM0","Country","geoBoundaries","HDX","Non-Commercial Use Only","","https//data.humdata.org/dataset/car-administrative-boundaries-4-levels#","https//data.humdata.org/dataset/car-administrative-boundaries-4-levels#","Nov 02, 2020","Apr 02, 2021","Africa","Sub-Saharan Africa","Middle Africa","Low-income Countries","https://www.geoboundaries.org/gbRequest.html?gbID=CAF-ADM0-5022529","1","14066.0","14066","14066","5708.776985704817","5708.776985704817","5708.776985704817","619712.3026980845","619712.3026980845","619712.3026980845",""
"CAF-ADM2-43960209","Central African Republic","CAF","2017","ADM2","Sub-Prefecture","geoBoundaries","HDX","Open Data Commons Attribution License 1.0","Open Data Commons Attribution License","International Organization for Migration","https//data.humdata.org/dataset/car-administrative-boundaries-4-levels#","Nov 14, 2020","Apr 05, 2021","Africa","Sub-Saharan Africa","Middle Africa","Low-income Countries","https://www.geoboundaries.org/gbRequest.html?gbID=CAF-ADM2-43960209","73","807.0","4","3554","485.24813731221735","3.164643497474334","1292.8475820944582","8489.198410585868","0.005718075754216828","41326.38173084941",""
"LKA-ADM4-26631476","Sri Lanka","LKA","2017","ADM4","Grama Niladhari","The Survey Department of Sri Lanka, National Building Research Organisation (NBRO), Disaster Management Centre (DMC)","United Nations Office for the Coordination of Humanitarian Affairs Regional Office for Asia and the Pacific (ROAP)","Other - Humanitarian","Humanitarian use only - Noted in metadata tab","https//data.humdata.org/about/license","https//data.humdata.org/dataset/sri-lanka-administrative-levels-0-4-boundaries","Oct 23, 2020","Apr 07, 2021","Asia","Central and Southern Asia","Southern Asia","Lower-middle-income Countries","https://www.geoboundaries.org/gbRequest.html?gbID=LKA-ADM4-26631476","14022","110.0","7","1783","9.12014740099397","0.8673165713368948","149.589759657745","4.690019819968129","0.03767771373414703","561.2618093231299",""
"GAB-ADM1-30586686","Gabon","GAB","2018","ADM1","Provinces","Second Administrative Level Boundaries (SALB)","United Nations Office for the Coordination of Humanitarian Affairs Regional Office for West and Central Africa (ROWCA)","Other - Humanitarian","Humanitarian use only","https//data.humdata.org/dataset/gabon-administrative-boundaries","https//data.humdata.org/dataset/gabon-administrative-boundaries","Oct 23, 2020","Apr 05, 2021","Africa","Sub-Saharan Africa","Middle Africa","Upper-middle-income Countries","https://www.geoboundaries.org/gbRequest.html?gbID=GAB-ADM1-30586686","9","444.0","208","805","994.9249510942492","755.4408742181538","1250.6470884540151","29412.83337516484","16669.667137338423","43635.58624646428",""
"GAB-ADM0-55565978","Gabon","GAB","2018","ADM0","State","Second Administrative Level Boundaries (SALB)","United Nations Office for the Coordination of Humanitarian Affairs Regional Office for West and Central Africa (ROWCA)","Other - Humanitarian","Humanitarian use only","https//data.humdata.org/dataset/gabon-administrative-boundaries","https//data.humdata.org/dataset/gabon-administrative-boundaries","Oct 23, 2020","Apr 02, 2021","Africa","Sub-Saharan Africa","Middle Africa","Upper-middle-income Countries","https://www.geoboundaries.org/gbRequest.html?gbID=GAB-ADM0-55565978","1","2574.0","2574","2574","3568.9802259730313","3568.9802259730313","3568.9802259730313","264715.5003764819","264715.5003764819","264715.5003764819",""
"GAB-ADM2-72931095","Gabon","GAB","2018","ADM2","Departments","Second Administrative Level Boundaries (SALB)","United Nations Office for the Coordination of Humanitarian Affairs Regional Office for West and Central Africa (ROWCA)","Other - Humanitarian","Humanitarian use only","https//data.humdata.org/dataset/gabon-administrative-boundaries","https//data.humdata.org/dataset/gabon-administrative-boundaries","Oct 23, 2020","Apr 05, 2021","Africa","Sub-Saharan Africa","Middle Africa","Upper-middle-income Countries","https://www.geoboundaries.org/gbRequest.html?gbID=GAB-ADM2-72931095","49","170.0","41","568","365.7336536627777","71.14103970205332","749.2723861477074","5402.34719483206","271.7620314480926","17196.495047487828",""
"MRT-ADM1-72869452","Mauritania","MRT","2013","ADM1","Wilaya","World Food Programme","United Nations Office for the Coordination of Humanitarian Affairs Regional Office for West and Central Africa (Regional Office for West and Central Africa (ROWCA))","Other - Humanitarian","Humanitarian use only","https//data.humdata.org/dataset/mauritania-administrative-boundaries","https//data.humdata.org/dataset/mauritania-administrative-boundaries","Oct 16, 2020","Apr 08, 2021","Africa","Sub-Saharan Africa","Western Africa","Lower-middle-income Countries","https://www.geoboundaries.org/gbRequest.html?gbID=MRT-ADM1-72869452","13","492.0","13","1654","1398.2758767873115","68.65848019202213","2682.24216945927","79876.89956114224","277.1728994523787","257572.6011104754",""
"MRT-ADM0-30839612","Mauritania","MRT","2013","ADM0","Country","World Food Programme","United Nations Office for the Coordination of Humanitarian Affairs Regional Office for West and Central Africa (Regional Office for West and Central Africa (ROWCA))","Other - Humanitarian","Humanitarian use only - Noted in metadata tab","https//data.humdata.org/dataset/mauritania-administrative-boundaries","https//data.humdata.org/dataset/mauritania-administrative-boundaries","Oct 19, 2020","Apr 08, 2021","Africa","Sub-Saharan Africa","Western Africa","Lower-middle-income Countries","https://www.geoboundaries.org/gbRequest.html?gbID=MRT-ADM0-30839612","1","3247.0","3247","3247","6376.711997205887","6376.711997205887","6376.711997205887","1038399.7674816701","1038399.7674816701","1038399.7674816701",""
"MRT-ADM2-59878896","Mauritania","MRT","2020","ADM2","Moughataa","World Food Programme","United Nations Office for the Coordination of Humanitarian Affairs Regional Office for West and Central Africa (Regional Office for West and Central Africa (ROWCA))","Other - Humanitarian","Humanitarian use only","https//data.humdata.org/dataset/mauritania-administrative-boundaries","https//data.humdata.org/dataset/mauritania-administrative-boundaries","Oct 23, 2020","Apr 08, 2021","Africa","Sub-Saharan Africa","Western Africa","Lower-middle-income Countries","https://www.geoboundaries.org/gbRequest.html?gbID=MRT-ADM2-59878896","53","164.0","6","1654","560.9204556817758","10.58400193363522","2087.59972627615","19591.60802303589","5.8894229404143825","169961.269823935",""
"DJI-ADM2-23779166","Djibouti","DJI","2015","ADM2","Districts","HDX","","Other - Humanitarian","Humanitarian use only - Noted in metadata tab","https//data.humdata.org/dataset/djibouti-administrative-levels-0-2-boundaries","https//data.humdata.org/dataset/djibouti-administrative-levels-0-2-boundaries","Oct 28, 2020","Apr 05, 2021","Africa","Sub-Saharan Africa","Eastern Africa","Lower-middle-income Countries","https://www.geoboundaries.org/gbRequest.html?gbID=DJI-ADM2-23779166","11","493.0","17","1972","205.01425861392906","182.4562419397276","275.6251757586812","1959.5882351429964","764.2886911492759","4100.619994298486",""
"MWI-ADM3-54615725","Malawi","MWI","2020","ADM3","Traditional Authority Area","OCHA","National Statistical Office of Malawi","Other - Humanitarian","Humanitarian use only - Noted in metadata tab","https//data.humdata.org/dataset/malawi-administrative-level-0-3-boundaries","https//data.humdata.org/dataset/malawi-administrative-level-0-3-boundaries","Oct 21, 2020","Apr 08, 2021","Africa","Sub-Saharan Africa","Eastern Africa","Low-income Countries","https://www.geoboundaries.org/gbRequest.html?gbID=MWI-ADM3-54615725","368","957.0","24","10384","72.90148986035965","2.190688891733391","304.81725933351856","260.2654592621029","0.2724280166695065","2344.4554474054157",""
"BEN-ADM2-48965219","Benin","BEN","2015","ADM2","Communes","Secondary Administrative Level Boundary (SALB) Project","United Nations Office for the Coordination of Humanitarian Affairs Regional Office for West and Central Africa (ROWCA)","Other - Humanitarian","Humanitarian use only - Noted in metadata tab","https//data.humdata.org/dataset/benin-administrative-boundaries","https//data.humdata.org/dataset/benin-administrative-boundaries","Nov 16, 2020","Apr 05, 2021","Africa","Sub-Saharan Africa","Western Africa","Low-income Countries","https://www.geoboundaries.org/gbRequest.html?gbID=BEN-ADM2-48965219","77","89.0","25","423","166.24000759318804","30.128417754319045","524.7156687904933","1501.2963154255785","49.719416895013566","6771.139047412922",""
"IRQ-ADM2-69546283","Iraq","IRQ","2019","ADM2","District","Humanitarian Data Exchange","United Nations Office for the Coordination of Humanitarian Affairs Liberia","Other - Humanitarian","Other - Humanitarian","https//data.humdata.org/about/license","https//data.humdata.org/dataset/iraq-admin-level-1-boundaries","Oct 25, 2020","Apr 07, 2021","Asia","Northern Africa and Western Asia","Western Asia","Upper-middle-income Countries","https://www.geoboundaries.org/gbRequest.html?gbID=IRQ-ADM2-69546283","101","206.0","63","485","315.2980264673127","49.15123002976786","1369.827157555401","4319.501999691804","78.62260253987805","80044.61238698968",""
"TCD-ADM2-77835936","Chad","TCD","2019","ADM2","departments","HDX","OCHA Chad","Creative Commons Attribution 3.0 Intergovernmental Organisations (CC BY 3.0 IGO)","","https//data.humdata.org/dataset/chad-admin-boundaries-admin-1-and-admin-2","https//data.humdata.org/dataset/chad-admin-boundaries-admin-1-and-admin-2","Apr 12, 2021","Apr 19, 2021","Africa","Sub-Saharan Africa","Middle Africa","Low-income Countries","https://www.geoboundaries.org/gbRequest.html?gbID=TCD-ADM2-77835936","70","155.0","14","904","563.2536833046904","96.94620307897671","1766.0752148886465","18068.810884670802","424.8782275332833","124789.01871034112",""
"NPL-ADM1-44695787","Nepal","NPL","2020","ADM1","province","Nepal Survey Department","United Nations Office for the Coordination of Humanitarian Affairs Regional Office for Asia and the Pacific (ROAP)","Other - Humanitarian","Humanitarian use only - Noted in metadata tab","https//data.humdata.org/dataset/administrative-bounadries-of-nepal","https//data.humdata.org/dataset/administrative-bounadries-of-nepal","Nov 10, 2020","Apr 08, 2021","Asia","Central and Southern Asia","Southern Asia","Low-income Countries","https://www.geoboundaries.org/gbRequest.html?gbID=NPL-ADM1-44695787","7","20171.0","15530","29598","1229.8931106338339","1004.053617329527","1556.467132414942","21093.214355635653","9590.805122230322","30719.585080603192",""
"NPL-ADM0-1698463","Nepal","NPL","2020","ADM0","Federal Democratic Republic of Nepal","Nepal Survey Department","United Nations Office for the Coordination of Humanitarian Affairs Regional Office for Asia and the Pacific (ROAP)","Other - Humanitarian","Humanitarian use only - Noted in metadata tab","https//data.humdata.org/about/license","https//data.humdata.org/dataset/administrative-bounadries-of-nepal","Dec 04, 2020","Apr 08, 2021","Asia","Central and Southern Asia","Southern Asia","Low-income Countries","https://www.geoboundaries.org/gbRequest.html?gbID=NPL-ADM0-1698463","1","58029.0","58029","58029","3582.5898587472757","3582.5898587472757","3582.5898587472757","147652.50048944802","147652.50048944802","147652.50048944802",""
"NPL-ADM2-39152045","Nepal","NPL","2017","ADM2","District","Nepal Survey Department","United Nations Office for the Coordination of Humanitarian Affairs Regional Office for Asia and the Pacific (ROAP)","Other - Humanitarian","Humanitarian use only - Noted in metadata tab","https//data.humdata.org/dataset/administrative-bounadries-of-nepal","https//data.humdata.org/dataset/administrative-bounadries-of-nepal","Oct 19, 2020","Apr 08, 2021","Asia","Central and Southern Asia","Southern Asia","Low-income Countries","https://www.geoboundaries.org/gbRequest.html?gbID=NPL-ADM2-39152045","77","4446.0","1421","10592","283.3357627294135","63.91623239771533","555.0453748358126","1917.4358890568203","123.01115987690677","7943.684832039619",""
"VNM-ADM1-28921643","Viet Nam","VNM","2016","ADM1","Provinces","Open Development Mekong","Dept of Survey and Mapping","Non-Commercial Use Only","Free to copy, adapt, redistribute data for non-commercial use","https//vietnam.opendevelopmentmekong.net/terms-of-use/","https//vietnam.opendevelopmentmekong.net/dataset?id=a-phn-tnh","Nov 02, 2020","Apr 19, 2021","Asia","Eastern and South-Eastern Asia","South-Eastern Asia","Lower-middle-income Countries","https://www.geoboundaries.org/gbRequest.html?gbID=VNM-ADM1-28921643","63","1581.0","289","11421","560.1438577008436","170.91694475604695","4087.920128988177","5248.096790380974","821.2692492186503","16480.356952545862",""
"VNM-ADM0-94388774","Viet Nam","VNM","2016","ADM0","Viet Nam","Open Development Mekong","Dept of Survey and Mapping","Non-Commercial Use Only","Free to copy, adapt, redistribute data for non-commercial use","https//vietnam.opendevelopmentmekong.net/terms-of-use/","https//vietnam.opendevelopmentmekong.net/dataset?id=a-phn-tnh","Oct 25, 2020","Apr 19, 2021","Asia","Eastern and South-Eastern Asia","South-Eastern Asia","Lower-middle-income Countries","https://www.geoboundaries.org/gbRequest.html?gbID=VNM-ADM0-94388774","1","50215.0","50215","50215","15029.056111875161","15029.056111875161","15029.056111875161","330630.09779400146","330630.09779400146","330630.09779400146",""
"VNM-ADM2-81810548","Viet Nam","VNM","2016","ADM2","Municipal City, Urban District, Provincial City, Town, and District","Open Development Mekong","Dept of Survey and Mapping","Creative Commons Attribution-ShareAlike 4.0 International License","","https//vietnam.opendevelopmentmekong.net/dataset?id=a-phn-huyn","https//vietnam.opendevelopmentmekong.net/dataset?id=a-phn-huyn","Feb 18, 2021","Apr 19, 2021","Asia","Eastern and South-Eastern Asia","South-Eastern Asia","Lower-middle-income Countries","https://www.geoboundaries.org/gbRequest.html?gbID=VNM-ADM2-81810548","1561","123.0","4","1061","54.68924807203988","0.12000729107884726","331.3376487820962","211.80659692120483","0.00016763214057120433","2771.2893926966685",""
"NER-ADM1-19603468","Niger","NER","2018","ADM1","Region","IGNN","United Nations Office for the Coordination of Humanitarian Affairs Niger","Other - Humanitarian","Humanitarian use only - Noted in metadata tab","https//data.humdata.org/dataset/niger-administrative-boundaries","https//data.humdata.org/dataset/niger-administrative-boundaries","Oct 21, 2020","Apr 08, 2021","Africa","Sub-Saharan Africa","Western Africa","Low-income Countries","https://www.geoboundaries.org/gbRequest.html?gbID=NER-ADM1-19603468","8","516.0","73","1019","1643.725962179858","118.96036481702787","3669.1410951579433","147952.97061364568","556.8673772844564","621966.261123482",""
"NER-ADM0-95565281","Niger","NER","2014","ADM0","Niger","IGNN","United Nations Office for the Coordination of Humanitarian Affairs Niger","Other - Humanitarian","Humanitarian use only - Noted in metadata tab","https//data.humdata.org/dataset/niger-administrative-boundaries","https//data.humdata.org/dataset/niger-administrative-boundaries","Oct 21, 2020","Apr 08, 2021","Africa","Sub-Saharan Africa","Western Africa","Low-income Countries","https://www.geoboundaries.org/gbRequest.html?gbID=NER-ADM0-95565281","1","3343.0","3343","3343","5854.905643900847","5854.905643900847","5854.905643900847","1183759.8719178268","1183759.8719178268","1183759.8719178268",""
"NER-ADM2-94631475","Niger","NER","2019","ADM2","Department","IGNN","United Nations Office for the Coordination of Humanitarian Affairs Niger","Other - Humanitarian","Humanitarian use only","https//data.humdata.org/dataset/niger-administrative-boundaries","https//data.humdata.org/dataset/niger-administrative-boundaries","Oct 26, 2020","Apr 08, 2021","Africa","Sub-Saharan Africa","Western Africa","Low-income Countries","https://www.geoboundaries.org/gbRequest.html?gbID=NER-ADM2-94631475","64","179.0","57","399","546.4869116558107","90.17602971040739","2305.903347905842","18496.247998716015","393.58763067543936","279298.2439262456",""
"LSO-ADM2-36511883","Lesotho","LSO","2020","ADM2","Council","Humanitarian Data Exchange","","Other - Humanitarian","","https//data.humdata.org/dataset/lesotho-administrative-level-0-2-boundaries","https//data.humdata.org/dataset/lesotho-administrative-level-0-2-boundaries","Oct 29, 2020","Apr 07, 2021","Africa","Sub-Saharan Africa","Southern Africa","Lower-middle-income Countries","https://www.geoboundaries.org/gbRequest.html?gbID=LSO-ADM2-36511883","78","1749.0","337","4438","140.43751318612888","35.09290596396118","367.06982503601574","391.85200278882166","30.625901794498134","1326.4460874996262",""
"GMB-ADM1-24824696","Gambia","GMB","2017","ADM1","Local Government Area","World Food Programme","United Nations Office for the Coordination of Humanitarian Affairs Regional Office for West and Central Africa (ROWCA)","Other - Humanitarian","Humanitarian use only - Noted in metadata tab","https//data.humdata.org/dataset/gambia-administrative-boundaries","https//data.humdata.org/dataset/gambia-administrative-boundaries","Nov 05, 2020","Apr 05, 2021","Africa","Sub-Saharan Africa","Western Africa","Low-income Countries","https://www.geoboundaries.org/gbRequest.html?gbID=GMB-ADM1-24824696","8","447.0","31","891","229.70227897195633","18.59073718735951","346.37816956835593","1344.518812156786","10.829881423814966","2216.9836280936206",""
"GMB-ADM0-28988818","Gambia","GMB","2017","ADM0","The Gambia","World Food Programme","United Nations Office for the Coordination of Humanitarian Affairs Regional Office for West and Central Africa (ROWCA)","Other - Humanitarian","","https//data.humdata.org/dataset/gambia-administrative-boundaries","https//data.humdata.org/dataset/gambia-administrative-boundaries","Nov 10, 2020","Apr 05, 2021","Africa","Sub-Saharan Africa","Western Africa","Low-income Countries","https://www.geoboundaries.org/gbRequest.html?gbID=GMB-ADM0-28988818","1","1106.0","1106","1106","1277.3042967781917","1277.3042967781917","1277.3042967781917","10756.151015303687","10756.151015303687","10756.151015303687",""
"GMB-ADM2-81372358","Gambia","GMB","2017","ADM2","Districts","World Food Programme","United Nations Office for the Coordination of Humanitarian Affairs Regional Office for West and Central Africa (ROWCA)","Other - Humanitarian","Humanitarian use only - Noted in metadata tab","https//data.humdata.org/dataset/gambia-administrative-boundaries","https//data.humdata.org/dataset/gambia-administrative-boundaries","Oct 28, 2020","Apr 05, 2021","Africa","Sub-Saharan Africa","Western Africa","Low-income Countries","https://www.geoboundaries.org/gbRequest.html?gbID=GMB-ADM2-81372358","37","250.0","24","679","88.95469866543353","18.59073718735951","205.30375113756398","290.706718114749","10.829881423814966","841.8843096920185",""
"CPV-ADM2-590077","Cabo Verde","CPV","2017","ADM2","parishe/reguesia","Second Administrative Level Boundaries (SALB) Project","OCHA ROWCA","Other - Humanitarian","Humanitarian use only - Noted in metadata tab","https//data.humdata.org/dataset/cape-verde-administrative-boundaries","https//data.humdata.org/dataset/cape-verde-administrative-boundaries","Oct 28, 2020","Apr 05, 2021","Africa","Sub-Saharan Africa","Western Africa","Lower-middle-income Countries","https://www.geoboundaries.org/gbRequest.html?gbID=CPV-ADM2-590077","32","9616.0","1260","28271","76.05322474228731","24.836404929979693","179.75604805273142","126.88697174410908","14.176616985169257","441.3035319057707",""
"YEM-ADM3-6410485","Yemen","YEM","2019","ADM3","Sub-districts","geoBoundaries","HDX","Other - Humanitarian","Humanitarian use only - Noted in metadata tab","https//data.humdata.org/dataset/yemen-admin-boundaries","https//data.humdata.org/dataset/yemen-admin-boundaries","Jan 05, 2021","Apr 19, 2021","Asia","Northern Africa and Western Asia","Western Asia","Low-income Countries","https://www.geoboundaries.org/gbRequest.html?gbID=YEM-ADM3-6410485","2149","147.0","4","3391","39.441039766871505","0.6064874145227843","810.8514947510755","210.8259505112656","0.017223489843331517","29949.782470772065",""
"YEM-ADM1-17250208","Yemen","YEM","2020","ADM1","Mohafadha","Central Statistical Organization","OCHA Yemen","Other - Humanitarian","Humanitarian Use Only","https//data.humdata.org/dataset/yemen-admin-boundaries","https//data.humdata.org/dataset/yemen-admin-boundaries","Oct 25, 2020","Apr 19, 2021","Asia","Northern Africa and Western Asia","Western Asia","Low-income Countries","https://www.geoboundaries.org/gbRequest.html?gbID=YEM-ADM1-17250208","22","3012.0","558","16285","771.9986523668333","173.78214407059764","2291.7407862691157","20593.862165850456","507.8183503494931","160529.81310866264",""
"YEM-ADM0-11005641","Yemen","YEM","2020","ADM0","Republic of Yemen","OCHA Yemen","Central Statistical Organization","Other - Humanitarian","Humanitarian Use Only","https//data.humdata.org/dataset/yemen-admin-boundaries","https//data.humdata.org/dataset/yemen-admin-boundaries","Oct 26, 2020","Apr 19, 2021","Asia","Northern Africa and Western Asia","Western Asia","Low-income Countries","https://www.geoboundaries.org/gbRequest.html?gbID=YEM-ADM0-11005641","1","36576.0","36576","36576","5532.820202013239","5532.820202013239","5532.820202013239","453064.9676487061","453064.9676487061","453064.9676487061",""
"YEM-ADM2-83337756","Yemen","YEM","2019","ADM2","Districts","geoBoundaries","HDX","Other - Humanitarian","Humanitarian use only - Noted in metadata tab","https//data.humdata.org/dataset/yemen-admin-boundaries","https//data.humdata.org/dataset/yemen-admin-boundaries","Jan 05, 2021","Apr 19, 2021","Asia","Northern Africa and Western Asia","Western Asia","Low-income Countries","https://www.geoboundaries.org/gbRequest.html?gbID=YEM-ADM2-83337756","335","435.0","9","5678","146.1532688507953","5.807192950275896","810.8514947510755","1352.4327392498797","1.7941947930567927","31701.50655894815",""
"ERI-ADM2-45066744","Eritrea","ERI","2002","ADM2","Districts","OCHA ROSEA","HDX","Other - Humanitarian","Humanitarian use only - Noted in metadata tab","https//data.humdata.org/dataset/eritrea-admin-level-1-boundaries","https//data.humdata.org/dataset/eritrea-admin-level-1-boundaries","Jan 05, 2021","Apr 02, 2021","Africa","Sub-Saharan Africa","Eastern Africa","Low-income Countries","https://www.geoboundaries.org/gbRequest.html?gbID=ERI-ADM2-45066744","58","1805.0","134","14397","248.0563102626483","14.318257639798137","1294.4985973674868","2087.0536547678134","7.056247806746625","9810.49696112897",""
"SDN-ADM2-53301252","Sudan","SDN","2014","ADM2","District","CRMA UNDP, ITOS","United Nations Office for the Coordination of Humanitarian Affairs Sudan","Other - Humanitarian","Humanitarian use only - Noted in metadata tab","https//data.humdata.org/dataset/sudan-administrative-boundaries-levels-0-2","https//data.humdata.org/dataset/sudan-administrative-boundaries-levels-0-2","Oct 19, 2020","Apr 19, 2021","Africa","Northern Africa and Western Asia","Northern Africa","Lower-middle-income Countries","https://www.geoboundaries.org/gbRequest.html?gbID=SDN-ADM2-53301252","172","193.0","19","1669","454.68414741310426","27.48574569059821","2043.2292490761308","10872.227701457648","44.18866933366657","194260.05650669202",""
"SOM-ADM1-24674160","Somalia","SOM","2014","ADM1","Region","geoBoundaries","HDX","Other - Humanitarian","","https//data.humdata.org/dataset/somalia-administrative-boundaries","https//data.humdata.org/dataset/somalia-administrative-boundaries","Nov 12, 2020","Apr 19, 2021","Africa","Sub-Saharan Africa","Eastern Africa","Low-income Countries","https://www.geoboundaries.org/gbRequest.html?gbID=SOM-ADM1-24674160","18","262.0","65","756","883.0035045761074","96.20288612447159","1359.3868538979905","35169.066471051454","241.33593240360648","68080.80641948305",""
"SOM-ADM0-46893147","Somalia","SOM","2014","ADM0","Jamhuuriyadda Federaalka Soomaaliya","geoBoundaries","HDX","Other - Humanitarian","Other - Humanitarian, from United National Development Programme (UNDP) 1998","https//data.humdata.org/dataset/somalia-administrative-boundaries#","https//data.humdata.org/dataset/somalia-administrative-boundaries#","Oct 23, 2020","Apr 19, 2021","Africa","Sub-Saharan Africa","Eastern Africa","Low-income Countries","https://www.geoboundaries.org/gbRequest.html?gbID=SOM-ADM0-46893147","1","2595.0","2595","2595","5939.438998791566","5939.438998791566","5939.438998791566","633043.1964789267","633043.1964789267","633043.1964789267",""
"SOM-ADM2-28436656","Somalia","SOM","2014","ADM2","District","geoBoundaries","HDX","Open Data Commons Attribution License 1.0","Open Data Commons Attribution License","https//data.humdata.org/dataset/somalia-administrative-boundaries#","https//data.humdata.org/dataset/somalia-administrative-boundaries#","Oct 26, 2020","Apr 19, 2021","Africa","Sub-Saharan Africa","Eastern Africa","Low-income Countries","https://www.geoboundaries.org/gbRequest.html?gbID=SOM-ADM2-28436656","74","70.0","5","404","400.61477391086584","96.20288612447159","811.2766624030213","8554.63779025576","241.33593240360648","26759.250545532126",""
"EGY-ADM2-66377301","Egypt","EGY","2017","ADM2","marakiz and aqsam","OCHA ROSEA/HDX","","Other - Humanitarian","Other - Humanitarian","https//data.humdata.org/dataset/egypt-administrative-boundaries-levels-0-3","https//data.humdata.org/dataset/egypt-administrative-boundaries-levels-0-3","Dec 10, 2020","Apr 05, 2021","Africa","Northern Africa and Western Asia","Northern Africa","Lower-middle-income Countries","https://www.geoboundaries.org/gbRequest.html?gbID=EGY-ADM2-66377301","365","486.0","5","10360","154.39714421865085","4.036768615300386","4515.769320702664","2724.8039907322873","0.6301822187992315","267979.03702355875",""
"SYR-ADM0-95172353","Syrian Arab Republic","SYR","2017","ADM0","Syrian Arab Republic","geoBoundaries","HDX","Creative Commons Attribution 3.0 Intergovernmental Organisations (CC BY 3.0 IGO)","","https//data.humdata.org/dataset/syrian-arab-republic-administrative-boundaries-populated-places","https//data.humdata.org/dataset/syrian-arab-republic-administrative-boundaries-populated-places","Feb 13, 2021","Apr 19, 2021","Asia","Northern Africa and Western Asia","Western Asia","Low-income Countries","https://www.geoboundaries.org/gbRequest.html?gbID=SYR-ADM0-95172353","1","4959.0","4959","4959","2729.903933070853","2729.903933070853","2729.903933070853","188138.41980032195","188138.41980032195","188138.41980032195",""
